,Title,Year,Rated,Released,Runtime,Genre,Director,Writer,Actors,Plot,Language,Poster,Metascore,imdbRating,BoxOffice,Production
0,The Batman,2022,PG-13,04 Mar 2022,175 min,"Action, Crime, Drama",Matt Reeves,"Matt Reeves, Peter Craig, Bob Kane","Zoë Kravitz, Robert Pattinson, Barry Keoghan","When the Riddler, a sadistic serial killer, begins murdering key political figures in Gotham, Batman is forced to investigate the city's hidden corruption and question his family's involvement.",English,https://m.media-amazon.com/images/M/MV5BYTExZTdhY2ItNGQ1YS00NjJlLWIxMjYtZTI1MzNlMzY0OTk4XkEyXkFqcGdeQXVyMTEyMjM2NDc2._V1_SX300.jpg,N/A,N/A,N/A,N/A
1,A Day to Die,2022,N/A,N/A,N/A,Action,Wes Miller,"Rab Berry, Scott Mallace","Bruce Willis, Frank Grillo, Kevin Dillon","After killing a drug syndicate member while protecting a parolee, Connor Connolly has one day to pay two million dollars in reparations he doesn't have to Tyrone Pettis. He is forced to ask his old military ops crew, led by Brice Mas",English,https://m.media-amazon.com/images/M/MV5BM2Q1ZDIwOTktYmZkMy00NDg1LWE3NmYtYTBjODNlYTM5MTk0XkEyXkFqcGdeQXVyMTEzNTA1NDYz._V1_SX300.jpg,N/A,N/A,N/A,N/A
2,He Was Asking for It: A Noir Film,2022,N/A,30 Apr 2022,N/A,"Short, Crime",Rocky Karlage,"Rocky Karlage, Staci Layne Wilson","Rocky Karlage, Patrick Lamba, Charlie Jiin","The meek fight back against a sleazy film producer, but there is just something about her.",English,https://m.media-amazon.com/images/M/MV5BMjA5NGY0ZjItN2ExZC00ZmMyLTg5YWItYTkyOGEzZjkyNjFiXkEyXkFqcGdeQXVyMTE2MDcxNjU@._V1_SX300.jpg,N/A,N/A,N/A,N/A
3,Tyson's Run,2022,PG,11 Mar 2022,103 min,Drama,Kim Bass,Kim Bass,"Major Dodson, Amy Smart, Barkhad Abdi",An unathletic boy with autism strives to become an unlikely marathon champion giving his unfulfilled father purpose and a second chance at putting his family first.,English,https://m.media-amazon.com/images/M/MV5BODQ3NGE3MzYtNDJkZS00MWUyLTk0NmEtOGMwMjMyZjY1YjM2XkEyXkFqcGdeQXVyMjI0NjI0Nw@@._V1_SX300.jpg,N/A,N/A,N/A,N/A
4,X,2022,R,18 Mar 2022,N/A,Horror,Ti West,Ti West,"Jenna Ortega, Mia Goth, Brittany Snow","In 1979, a group of young filmmakers set out to make an adult film in rural Texas, but when their reclusive, elderly hosts catch them in the act, the cast find themselves fighting for their lives.",English,https://m.media-amazon.com/images/M/MV5BYjI1OWZkYzYtMDVlMS00YWFjLWE5NDUtYzA2NWZkMjM1YTkyXkEyXkFqcGdeQXVyMjY4MTc1MDM@._V1_SX300.jpg,N/A,N/A,N/A,N/A
5,Operation Fortune: Ruse de guerre,2022,N/A,18 Mar 2022,N/A,"Action, Comedy, Thriller",Guy Ritchie,"Ivan Atkinson, Marn Davies, Guy Ritchie","Jason Statham, Josh Hartnett, Aubrey Plaza",Special agent Orson Fortune and his team of operatives recruit one of Hollywood's biggest movie stars to help them on an undercover mission when the sale of a deadly new weapons technology threatens to disrupt the world order.,"English, Chinese",https://m.media-amazon.com/images/M/MV5BZGFmNmRlZmQtMDAyYy00NTJjLTg2ODQtZDI0OWE3M2I2NDcyXkEyXkFqcGdeQXVyNjY1MTg4Mzc@._V1_SX300.jpg,N/A,N/A,N/A,N/A
6,The Outfit,2022,R,18 Mar 2022,105 min,"Crime, Drama",Graham Moore,"Johnathan McClain, Graham Moore","Mark Rylance, Zoey Deutch, Dylan O'Brien",An expert tailor must outwit a dangerous group of mobsters in order to survive a fateful night.,English,https://m.media-amazon.com/images/M/MV5BYWQ0NWUyMjktYjg4Yy00NmY3LTg2YzEtNWY5OTY5YTc2MjhjXkEyXkFqcGdeQXVyMTA2MDU0NjM5._V1_SX300.jpg,N/A,N/A,N/A,N/A
7,Cheaper by the Dozen,2022,PG,18 Mar 2022,N/A,"Adventure, Comedy, Family",Gail Lerner,"Kenya Barris, Ernestine Gilbreth Carey, Frank B. Gilbreth Jr.","Gabrielle Union, Zach Braff, Brittany Daniel","The raucous exploits of a blended family of 12, the Bakers, as they navigate a hectic home life while simultaneously managing their family business",English,https://m.media-amazon.com/images/M/MV5BMTUxMjk5ZDAtYWE2NS00OTAxLWIxNTktYTFlZWI1YzJkZjMwXkEyXkFqcGdeQXVyMTM1MTE1NDMx._V1_SX300.jpg,N/A,N/A,N/A,N/A
8,Alice,2022,N/A,18 Mar 2022,100 min,Drama,Krystin Ver Linden,Krystin Ver Linden,"Keke Palmer, Common, Jonny Lee Miller",A slave in the antebellum South who escapes from her secluded plantation only to discover a shocking reality that lies beyond the tree line.,English,https://m.media-amazon.com/images/M/MV5BOTg4YjM4M2ItNTkxMy00ZGI1LTk4MWYtMzY5N2Y1Y2U3MWRkXkEyXkFqcGdeQXVyMTMxODA5NzUw._V1_SX300.jpg,54,5.3,N/A,N/A
9,The Unbreakable Boy,2022,PG,18 Mar 2022,N/A,Drama,Jon Gunn,Jon Gunn,"Zachary Levi, Amy Acker, Peter Facinelli","A young boy with both a rare brittle-bone disease and autism. But what makes him truly unique is his joyous, funny, life-affirming world view that transforms and unites everyone around him.",English,https://m.media-amazon.com/images/M/MV5BMjFkMGNkMDEtNDdjYy00YjYwLTk3MjMtNGI2NTAyM2ZmMWY3XkEyXkFqcGdeQXVyMTMwMDA5ODU3._V1_SX300.jpg,N/A,N/A,N/A,N/A
10,Umma,2022,N/A,18 Mar 2022,N/A,Horror,Iris K. Shim,Iris K. Shim,"Dermot Mulroney, Odeya Rush, Sandra Oh","Amanda and her daughter living a quiet life on an American farm, but when the remains of her estranged mother arrive from Korea, Amanda becomes haunted by the fear of turning into her own mother.",English,N/A,N/A,N/A,N/A,N/A
11,The Lost City,2022,N/A,25 Mar 2022,92 min,"Action, Adventure, Comedy","Aaron Nee, Adam Nee","Oren Uziel, Dana Fox, Adam Nee","Sandra Bullock, Brad Pitt, Channing Tatum",A reclusive romance novelist on a book tour with her cover model gets swept up in a kidnapping attempt that lands them both in a cutthroat jungle adventure.,English,https://m.media-amazon.com/images/M/MV5BMmIwYzFhODAtY2I1YS00ZDdmLTkyYWQtZjI5NDIwMDc2MjEyXkEyXkFqcGdeQXVyODk4OTc3MTY@._V1_SX300.jpg,N/A,N/A,N/A,N/A
12,The Duke of Marylebone,2022,N/A,29 Jun 2022,100 min,Comedy,Mitch Riverman,Mitch Riverman,"Ninette Finch, Lily Smith, Mark Joseph","Rupert Siskin, a humble food taster from London, becomes an everyday villain to impress the woman he loves, Lisa. He eventually gets into politics to become a perfect thief.",English,https://m.media-amazon.com/images/M/MV5BODNmMTIxNDQtMmY2MC00OTY1LThkMTktYzdiNDNiNDkxNzI0XkEyXkFqcGdeQXVyMTQ3MjU3MzUx._V1_SX300.jpg,N/A,N/A,N/A,N/A
13,Everything Everywhere All at Once,2022,R,25 Mar 2022,140 min,"Action, Adventure, Comedy","Dan Kwan, Daniel Scheinert","Dan Kwan, Daniel Scheinert","Jenny Slate, Michelle Yeoh, Jamie Lee Curtis","An aging Chinese immigrant is swept up in an insane adventure, where she alone can save the world by exploring other universes connecting with the lives she could have led.",English,https://m.media-amazon.com/images/M/MV5BYjhmNzA0YjItODc3OC00MzdiLThlNDctNmIwODcxNzUzOTQwXkEyXkFqcGdeQXVyMTM1MTE1NDMx._V1_SX300.jpg,N/A,N/A,N/A,N/A
14,Morbius,2022,PG-13,01 Apr 2022,108 min,"Action, Adventure, Drama",Daniel Espinosa,"Matt Sazama, Burk Sharpless, Roy Thomas","Jared Leto, Michael Keaton, Adria Arjona","Biochemist Michael Morbius tries to cure himself of a rare blood disease, but he inadvertently infects himself with a form of vampirism instead.",English,https://m.media-amazon.com/images/M/MV5BYjlhNTA3Y2ItYjhiYi00NTBiLTg5MDMtZDJjMDZjNzVjNjJmXkEyXkFqcGdeQXVyMTEyMjM2NDc2._V1_SX300.jpg,N/A,N/A,N/A,N/A
15,The Contractor,2022,R,01 Apr 2022,N/A,"Action, Thriller",Tarik Saleh,J.P. Davis,"Chris Pine, Gillian Jacobs, Ben Foster","After being involuntarily discharged from the Marines, James Harper (Pine) joins a paramilitary organization in order to support his family in the only way he knows how.",English,https://m.media-amazon.com/images/M/MV5BODkxZGI4NGQtYWQyNS00NDY0LWJlNTgtNDAyYmMxOTEwZTllXkEyXkFqcGdeQXVyODQ0OTE4Mzg@._V1_SX300.jpg,N/A,N/A,N/A,N/A
16,You Won't Be Alone,2022,R,01 Apr 2022,108 min,"Drama, Horror",Goran Stolevski,Goran Stolevski,"Noomi Rapace, Alice Englert, Anamaria Marinca","In an isolated mountain village in 19th century Macedonia, a young girl is kidnapped and then transformed into a witch by an ancient spirit.",Macedonian,https://m.media-amazon.com/images/M/MV5BMmU2MDkyZWMtYjJmNi00YjE1LWIzODctZjNjZmY0OGMzNzQzXkEyXkFqcGdeQXVyMDM2NDM2MQ@@._V1_SX300.jpg,75,6.8,N/A,N/A
17,Iris Warriors,2022,N/A,02 Apr 2022,80 min,"Family, Fantasy, Musical",Roydon Turner,"Don Macnab-Stark, Roydon Turner","Jessica Brown Findlay, Cindy Okkers, Sven-Eric Muller","The Iris Warriors have brought light and beauty to the world, but when their bitter mother, Darkness, threatens to destroy them, they must find a way to work together to defeat her and bring colour back to their universe.",English,https://m.media-amazon.com/images/M/MV5BNWE3MjEwYzYtNTYyNC00ZWFiLWI0NGUtZTFkMGIzZjRiYTk0XkEyXkFqcGdeQXVyMjU2MDQ0OTA@._V1_SX300.jpg,N/A,5.1,N/A,N/A
18,Sonic the Hedgehog 2,2022,N/A,08 Apr 2022,N/A,"Animation, Action, Adventure",Jeff Fowler,"Pat Casey, Josh Miller, John Whittington","Ben Schwartz, Idris Elba, Colleen O'Shaughnessey",Sequel to the 2020 live-action feature film 'Sonic the Hedgehog'.,English,https://m.media-amazon.com/images/M/MV5BMzExMWVjODMtYjgzOC00ZDljLTgxMTktYWQ0NGNiOTcxNGYxXkEyXkFqcGdeQXVyMDM2NDM2MQ@@._V1_SX300.jpg,N/A,N/A,N/A,N/A
19,Ambulance,2022,R,08 Apr 2022,N/A,"Action, Crime, Drama",Michael Bay,"Chris Fedak, Laurits Munch-Petersen, Lars Andreas Pedersen","Eiza González, Jake Gyllenhaal, Devan Chandler Long",Two robbers steal an ambulance after their heist goes awry.,English,https://m.media-amazon.com/images/M/MV5BNWZlZDYzYzctOTg0NC00OWUyLWI3NzgtMWViOTQ0MWIyNWJhXkEyXkFqcGdeQXVyMTM1MTE1NDMx._V1_SX300.jpg,N/A,N/A,N/A,N/A
20,The Cow Who Sang a Song Into the Future,2022,N/A,23 Jan 2022,98 min,Drama,Francisca Alegria,"Francisca Alegria, Manuela Infante, Fernanda Urrejola","Mía Maestro, Enzo Ferrada Rosati, Benjamin Soto","Cecilia travels to her father's farm after he has a heart attack. Back in her childhood home, Cecilia is met by her long-deceased mother whose presence brings to life a painful past chorused by the natural world around them.",Spanish,https://m.media-amazon.com/images/M/MV5BMWYzMmM2MWEtYjUwZC00ZTg3LWExOTEtY2RhOTQ4MmE5YTM1XkEyXkFqcGdeQXVyMTMyMDYyNTA0._V1_SX300.jpg,N/A,7.0,N/A,N/A
21,Father Stu,2022,R,13 Apr 2022,N/A,Drama,Rosalind Ross,Rosalind Ross,"Mark Wahlberg, Mel Gibson, Annet Mahendru","Follows the life of Father Stuart Long, a boxer-turned-priest who inspired countless people during his journey from self-destruction to redemption.",English,https://m.media-amazon.com/images/M/MV5BNjBmN2M4MjMtNGM5Ny00MzU2LWIzMjMtZDE4NGMyNzdkYmU2XkEyXkFqcGdeQXVyMjg3NTU2Mzk@._V1_SX300.jpg,N/A,N/A,N/A,N/A
22,Fantastic Beasts: The Secrets of Dumbledore,2022,N/A,15 Apr 2022,N/A,"Adventure, Family, Fantasy",David Yates,"J.K. Rowling, Steve Kloves","Mads Mikkelsen, Ezra Miller, Katherine Waterston",The third installment of the 'Fantastic Beasts and Where to Find Them' series which follows the adventures of Newt Scamander.,English,https://m.media-amazon.com/images/M/MV5BOTNjNWRjZDUtYjU1OC00NGFmLWE2ZDktMzhhYmIwOTU4YjVmXkEyXkFqcGdeQXVyMTEyMjM2NDc2._V1_SX300.jpg,N/A,N/A,N/A,N/A
23,The Bad Guys,2022,PG,22 Apr 2022,N/A,"Animation, Adventure, Comedy",Pierre Perifel,"Aaron Blabey, Etan Cohen, Hilary Winston","Sam Rockwell, Awkwafina, Anthony Ramos","Several reformed yet misunderstood criminal animals attempt to become good, with some disastrous results along the way.",English,https://m.media-amazon.com/images/M/MV5BMDhkYmU0MzctMWEzNy00ODg1LWI3ZjAtMGZlZjkzNWVmMzVjXkEyXkFqcGdeQXVyMTM1MTE1NDMx._V1_SX300.jpg,N/A,N/A,N/A,N/A
24,The Northman,2022,N/A,22 Apr 2022,N/A,"Action, Adventure, Drama",Robert Eggers,"Robert Eggers, Sjón","Alexander Skarsgård, Nicole Kidman, Claes Bang","From visionary director Robert Eggers comes The Northman, an action-filled epic that follows a young Viking prince on his quest to avenge his father's murder.","English, Norse, Old",https://m.media-amazon.com/images/M/MV5BMDNkMTVlODUtNjBlMi00ZTUyLWI5OTItZTFjMjVlMTA5MTkzXkEyXkFqcGdeQXVyODk4OTc3MTY@._V1_SX300.jpg,N/A,N/A,N/A,N/A
25,The Unbearable Weight of Massive Talent,2022,N/A,22 Apr 2022,N/A,"Action, Comedy, Crime",Tom Gormican,"Kevin Etten, Tom Gormican","Nicolas Cage, Pedro Pascal, Ike Barinholtz","A cash-strapped Nicolas Cage agrees to make a paid appearance at a billionaire super fan's birthday party, but is really an informant for the CIA since the billionaire fan is a drug kingpin and gets cast in a Tarantino movie.",English,https://m.media-amazon.com/images/M/MV5BN2UxMzI1N2EtNmZkYi00M2RmLTliMDctZTlmN2ZlMGVmMjNmXkEyXkFqcGdeQXVyMjMxOTE0ODA@._V1_SX300.jpg,N/A,N/A,N/A,N/A
26,Hatching,2022,N/A,29 Apr 2022,86 min,Horror,Hanna Bergholm,Ilja Rautsi,"Siiri Solalinna, Sophia Heikkilä, Jani Volanen","A young gymnast who tries desperately to please her demanding mother, discovers a strange egg. She hides it and keeps it warm, but when it hatches, what emerges shocks them all.",Finnish,https://m.media-amazon.com/images/M/MV5BMmRkMjYwMmItOTQ5MC00N2M4LWIxMzYtMWM2YTNjMjgyNzcyXkEyXkFqcGdeQXVyMjQxOTg5NjI@._V1_SX300.jpg,75,7.1,N/A,N/A
27,The Vortex Voices,2022,N/A,10 Feb 2022,99 min,Horror,Michael Jason Allen,Michael Jason Allen,"Christine Manola, Mariya Tensina, Corey Busboom","In 1973, Jonah the Earth Prophet is a cult commune leader who communicates the will of the Earth to his followers via voices from the vortex in which their living compound is built on. Members of the ""family"" hope for an afterlife of",English,https://m.media-amazon.com/images/M/MV5BZDFlNGZmZjUtYzI4Zi00Y2U4LTk0YjgtYTE3OWUwOTBmN2IxXkEyXkFqcGdeQXVyMTg0NTUyMjE@._V1_SX300.jpg,N/A,N/A,N/A,N/A
28,Firebird,2022,N/A,N/A,N/A,"Drama, Romance",N/A,N/A,N/A,N/A,N/A,N/A,N/A,N/A,N/A,N/A
29,Memory,2022,R,29 Apr 2022,N/A,"Action, Thriller",Martin Campbell,"Dario Scardapane, Jef Geeraerts, Carl Joos","Liam Neeson, Monica Bellucci, Ray Stevenson",An assassin-for-hire finds that he's become a target after he refuses to complete a job for a dangerous criminal organization. A remake of the 2003 Belgian film 'The Memory of a Killer'.,English,https://m.media-amazon.com/images/M/MV5BNTI4OTQzMmItOTJiZS00NTc3LTkxNGYtZWQ2NGJiNjQ4NzQ2XkEyXkFqcGdeQXVyMDA4NzMyOA@@._V1_SX300.jpg,N/A,N/A,N/A,N/A
30,Doctor Strange in the Multiverse of Madness,2022,N/A,06 May 2022,N/A,"Action, Adventure, Fantasy",Sam Raimi,"Jade Halley Bartlett, Steve Ditko, Stan Lee","Benedict Cumberbatch, Elizabeth Olsen, Rachel McAdams","Dr. Stephen Strange casts a forbidden spell that opens the door to the multiverse, including an alternate version of himself, whose threat to humanity is too great for the combined forces of Strange, Wong, and Wanda Maximoff.",English,https://m.media-amazon.com/images/M/MV5BZDg5ZDg2MWQtM2ExNi00ZjEzLTgzMDQtZmJlYWEwYmM4ODUxXkEyXkFqcGdeQXVyMDM2NDM2MQ@@._V1_SX300.jpg,N/A,N/A,N/A,N/A
31,What's Happening ... Refugees,2022,N/A,N/A,N/A,Documentary,Ted Kamp,N/A,N/A,N/A,English,N/A,N/A,N/A,N/A,N/A
32,The Twin,2022,N/A,21 Apr 2022,N/A,Horror,Taneli Mustonen,"Aleksi Hyvärinen, Taneli Mustonen","Teresa Palmer, Steven Cree, Barbara Marten",A mother who needs to confront the unbearable truth about her surviving twin son.,English,N/A,N/A,N/A,N/A,N/A
33,Firestarter,2022,R,N/A,N/A,"Drama, Horror, Sci-Fi",Keith Thomas,"Stephen King, Scott Teems","Zac Efron, Gloria Reuben, Ryan Kiera Armstrong",A young girl tries to understand how she mysteriously gained the power to set things on fire with her mind.,English,https://m.media-amazon.com/images/M/MV5BZmMxZTUwMTItNWRiZC00ZTI2LTg2N2MtM2UwMDZiODA1ZmE3XkEyXkFqcGdeQXVyMjY5ODI4NDk@._V1_SX300.jpg,N/A,N/A,N/A,N/A
34,Downton Abbey: A New Era,2022,PG,20 May 2022,N/A,"Drama, Romance",Simon Curtis,Julian Fellowes,"Maggie Smith, Michelle Dockery, Laura Haddock",Follow-up to the 2019 feature film in which the Crawley family and Downton staff received a royal visit from the King and Queen of Great Britain.,English,https://m.media-amazon.com/images/M/MV5BN2VhNGRjZGYtZmFlZS00NWRmLWExOGUtMGU3ZWE2ZGZjNTgzXkEyXkFqcGdeQXVyMTEyMjM2NDc2._V1_SX300.jpg,N/A,N/A,N/A,N/A
35,Men,2022,N/A,20 May 2022,N/A,"Drama, Horror, Sci-Fi",Alex Garland,Alex Garland,"Jessie Buckley, Rory Kinnear, Paapa Essiedu",A young woman goes on a solo vacation to the English countryside after the death of her ex-husband.,English,https://m.media-amazon.com/images/M/MV5BMWRjZjJlMmYtZTE1Yy00NjhlLTk3M2ItZTgyNzEyODY5NTdlXkEyXkFqcGdeQXVyMTM1MTE1NDMx._V1_SX300.jpg,N/A,N/A,N/A,N/A
36,DC League of Super-Pets,2022,N/A,20 May 2022,N/A,"Animation, Action, Adventure","Jared Stern, Sam Levine","Jared Stern, John Whittington","Dwayne Johnson, Kevin Hart, Vanessa Bayer","Krypto the Super-Dog and Superman are inseparable best friends, sharing the same superpowers and fighting crime side by side in Metropolis. However, Krypto must master his own powers for a rescue mission when Superman is kidnapped.",English,https://m.media-amazon.com/images/M/MV5BYzVlZjk4YzMtZDNhNC00ZjY0LTg5ZmEtNjU1MTJlN2NhY2VlXkEyXkFqcGdeQXVyMTEzMTI1Mjk3._V1_SX300.jpg,N/A,N/A,N/A,N/A
37,Top Gun: Maverick,2022,PG-13,27 May 2022,N/A,"Action, Drama",Joseph Kosinski,"Ehren Kruger, Eric Warren Singer, Christopher McQuarrie","Tom Cruise, Jennifer Connelly, Miles Teller","After more than thirty years of service as one of the Navy's top aviators, Pete Mitchell is where he belongs, pushing the envelope as a courageous test pilot and dodging the advancement in rank that would ground him.",English,https://m.media-amazon.com/images/M/MV5BOGUwZDRjNTYtYjI0Zi00OWZjLTgxZWItZjNiZWEyYThlZTkyXkEyXkFqcGdeQXVyMTEyMjM2NDc2._V1_SX300.jpg,N/A,N/A,N/A,N/A
38,The Bob's Burgers Movie,2022,PG-13,27 May 2022,N/A,"Animation, Adventure, Comedy","Loren Bouchard, Bernard Derriman","Loren Bouchard, Jim Dauterive, Nora Smith","H. Jon Benjamin, Kristen Schaal, Dan Mintz",The Belchers' trying to save the restaurant from closing as a sinkhole forms in front of it while the kids try to solve a mystery that could save their family's restaurant.,"English, German",https://m.media-amazon.com/images/M/MV5BYzFhNDNkY2UtYjc3ZS00NzVkLTlhNzEtYmZiZGMzYmRjMjVhXkEyXkFqcGdeQXVyMjQwMDg0Ng@@._V1_SX300.jpg,N/A,N/A,N/A,N/A
39,Terror on the Prairie,2022,N/A,N/A,N/A,Western,Michael Polish,Josiah Nelson,"Gina Carano, Nick Searcy, Samaire Armstrong","On the Montana plains, a frontier woman must protect herself against a ruthless gang of outlaws hell-bent on revenge.",N/A,https://m.media-amazon.com/images/M/MV5BM2JiODIwZjYtYmEwNS00Y2ExLWIyMDAtMTExMzk4YjY5YmMyXkEyXkFqcGdeQXVyMzUzMDQxMzI@._V1_SX300.jpg,N/A,N/A,N/A,N/A
40,Jurassic World Dominion,2022,PG-13,10 Jun 2022,N/A,"Action, Adventure, Sci-Fi",Colin Trevorrow,"Colin Trevorrow, Emily Carmichael, Derek Connolly","Bryce Dallas Howard, Chris Pratt, Dichen Lachman",Plot kept under wraps.,English,https://m.media-amazon.com/images/M/MV5BMjQzZTA2MmEtNDcwYy00ZWE0LWFlODMtOWQ2MzRjNTgyYmVkXkEyXkFqcGdeQXVyMTkxNjUyNQ@@._V1_SX300.jpg,N/A,N/A,N/A,N/A
41,Lightyear,2022,N/A,17 Jun 2022,N/A,"Animation, Action, Adventure",Angus MacLane,"Pete Docter, Andrew Stanton, John Lasseter","Chris Evans, Taika Waititi, Keke Palmer",The story of Buzz Lightyear and his adventures to infinity and beyond.,English,https://m.media-amazon.com/images/M/MV5BMTg0MzkzMTQtNWRlZS00MGU2LTgwYTktMjkyNTZkZTAzNTQ3XkEyXkFqcGdeQXVyMTM1MTE1NDMx._V1_SX300.jpg,N/A,N/A,N/A,N/A
42,Red Elvis: The Cold War Cowboy,2022,N/A,20 Jan 2022,91 min,Documentary,Thomas Latter,N/A,N/A,"Meet Dean Reed, the American popstar who defected to the Soviet Bloc in the '70s and became a superstar. He packs stadiums, preaches Marxism and inspires a generation...until his body is found, drowned, in a lake in East Berlin.",English,https://m.media-amazon.com/images/M/MV5BMmVmZjU0OTctM2IwNy00NTA2LThkMDYtYjUyODdiZmQxOTM3XkEyXkFqcGdeQXVyNzkwNTM4Mzk@._V1_SX300.jpg,N/A,7.5,N/A,N/A
43,Shotgun Wedding,2022,N/A,29 Jun 2022,N/A,"Action, Comedy, Romance",Jason Moore,"Mark Hammer, Elizabeth Meriwether","Jennifer Lopez, Jennifer Coolidge, Josh Duhamel","A couple's extravagant destination wedding is hijacked by criminals. In the process of saving their families, they rediscover why they fell in love in the first place.",English,N/A,N/A,N/A,N/A,N/A
44,Minions 2: The Rise of Gru,2022,PG,01 Jul 2022,90 min,"Animation, Adventure, Comedy","Kyle Balda, Brad Ableson, Jonathan del Val","Brian Lynch, Matthew Fogel, Cinco Paul","Steve Carell, Pierre Coffin, Taraji P. Henson",The untold story of one twelve-year-old's dream to become the world's greatest supervillain.,"English, Vietnamese",https://m.media-amazon.com/images/M/MV5BYjZkNzM0MDItZGQ0Zi00N2MzLTlhM2MtNjJlMTczZDBkNWUxXkEyXkFqcGdeQXVyODk4OTc3MTY@._V1_SX300.jpg,N/A,N/A,N/A,N/A
45,Thor: Love and Thunder,2022,N/A,08 Jul 2022,N/A,"Action, Adventure, Fantasy",Taika Waititi,"Stan Lee, Jennifer Kaytin Robinson, Taika Waititi","Taika Waititi, Karen Gillan, Natalie Portman",The sequel to Thor: Ragnarok and the fourth movie in the Thor saga.,English,https://m.media-amazon.com/images/M/MV5BMzZjMTIwNjYtYTg0ZS00ZDFjLTk3MDctMTY3ZTgwMjQ4MmFiXkEyXkFqcGdeQXVyNjg2NjQwMDQ@._V1_SX300.jpg,N/A,N/A,N/A,N/A
46,Bullet Train,2022,N/A,15 Jul 2022,N/A,"Action, Thriller",David Leitch,"Kôtarô Isaka, Zak Olkewicz","Sandra Bullock, Brad Pitt, Aaron Taylor-Johnson",Five assassins aboard a fast moving bullet train find out their missions have something in common.,English,https://m.media-amazon.com/images/M/MV5BZDlhMGE4ODYtZDIxZi00NWZhLWIzNmQtOWVkZThlYjc4ZGU0XkEyXkFqcGdeQXVyNjA2ODYyMTk@._V1_SX300.jpg,N/A,N/A,N/A,N/A
47,Mrs Harris Goes to Paris,2022,N/A,06 May 2022,N/A,Drama,Anthony Fabian,"Carroll Cartwright, Anthony Fabian, Paul Gallico","Jason Isaacs, Lucas Bravo, Alba Baptista",A new adaptation of Paul Gallico's much-loved novel about a cleaning lady in 1950s London who falls in love with an haute couture dress by Christian Dior and decides to gamble everything for the sake of this folly.,English,https://m.media-amazon.com/images/M/MV5BMjM1ZjIyYzYtODRhYy00ZTc0LThhZjMtNzhmZGM3OWJkNzFkXkEyXkFqcGdeQXVyMjQ4NjAyOTY@._V1_SX300.jpg,N/A,N/A,N/A,N/A
48,The Wrong Place,2022,N/A,15 Jul 2022,N/A,Thriller,Mike Burns,Bill Lawrence,"Bruce Willis, Ashley Greene, Michael Sirow","A meth amphetamines cook hunts down the former Police chief of a small town in order to silence him before he can deliver eyewitness testimony against his family, but ultimately finds himself up against more than he had bargained for",English,https://m.media-amazon.com/images/M/MV5BZTk1NjNiMjEtMDA3NC00ZTJlLTljYzEtNTVlMmZlZmQ2ZTBiXkEyXkFqcGdeQXVyODQyNDczNTk@._V1_SX300.jpg,N/A,N/A,N/A,N/A
49,Nope,2022,N/A,22 Jul 2022,N/A,Horror,Jordan Peele,Jordan Peele,"Barbie Ferreira, Keke Palmer, Michael Wincott",Plot kept under wraps.,English,https://m.media-amazon.com/images/M/MV5BMGIyNTI3NWItNTJkOS00MGYyLWE4NjgtZDhjMWQ4Y2JkZTU5XkEyXkFqcGdeQXVyNjY1MTg4Mzc@._V1_SX300.jpg,N/A,N/A,N/A,N/A
50,Where the Crawdads Sing,2022,N/A,22 Jul 2022,N/A,"Drama, Mystery",Olivia Newman,"Lucy Alibar, Delia Owens","David Strathairn, Eric Ladin, Harris Dickinson",A woman who raised herself in the marshes of the deep South becomes a suspect in the murder of a man she was once involved with.,English,https://m.media-amazon.com/images/M/MV5BOGQ4Y2RlOGMtZGUxOC00OGZkLTgxYWMtNmVjMjgwOGYyMjdhXkEyXkFqcGdeQXVyMTMzNzQ4MjA5._V1_SX300.jpg,N/A,N/A,N/A,N/A
51,Blazing Samurai,2022,N/A,22 Jul 2022,N/A,"Animation, Action, Comedy","Mark Koetsier, Rob Minkoff, Chris Bailey","Nate Hopper, Mel Brooks, Andrew Bergman","Ricky Gervais, Samuel L. Jackson, Michelle Yeoh","An action packed animated comedy for all the family inspired by Mel Brooks' timeless classic, Blazing Saddles. Hank, a loveable dog with a head full of dreams about becoming a samurai, sets off in search of his destiny.",English,https://m.media-amazon.com/images/M/MV5BODg0Njc3N2UtY2M5Zi00MjYxLTk2MjEtOGJlNTYzOGMzZjc4XkEyXkFqcGdeQXVyNTU5NzUwNw@@._V1_SX300.jpg,N/A,N/A,N/A,N/A
52,Black Adam,2022,N/A,29 Jul 2022,N/A,"Action, Fantasy, Sci-Fi",Jaume Collet-Serra,"Adam Sztykiel, Rory Haines, Sohrab Noshirvani","Dwayne Johnson, Sarah Shahi, Pierce Brosnan","Plot unknown. A spin-off from 'Shazam!' centering on the film's anti-hero, Black Adam.",English,https://m.media-amazon.com/images/M/MV5BNTAxMGQ2NTQtMDYwMC00NDQ3LTgwYTAtOWYzMjE4OGVkZjk2XkEyXkFqcGdeQXVyODk4OTc3MTY@._V1_SX300.jpg,N/A,N/A,N/A,N/A
53,Guns 3: Alias Billy the Kid,2022,N/A,03 Aug 2022,N/A,Western,Emilio Estevez,"Emilio Estevez, John Fusco","Christian Slater, Emilio Estevez, Lou Diamond Phillips",Plot kept under wraps. Third installment of the 'Young Guns' film franchise.,English,https://m.media-amazon.com/images/M/MV5BZDE5NGRkNzEtMmYzMi00NzJiLWJjMjMtZjBkMTViYTZlYTg2XkEyXkFqcGdeQXVyMTQ4NjgzNA@@._V1_SX300.jpg,N/A,N/A,N/A,N/A
54,Secret Headquarters,2022,N/A,05 Aug 2022,N/A,"Action, Adventure, Sci-Fi","Henry Joost, Ariel Schulman","Henry Joost, Josh Koenigsberg, Ariel Schulman","Owen Wilson, Michael Peña, Jesse Williams","Young Charlie Kincaid, who discovers a secret headquarters under his home that seems to belong to a superhero. He shares it with his friends, and they start to believe that his estranged father might have a secret double life.",English,N/A,N/A,N/A,N/A,N/A
55,The Man from Toronto,2022,PG-13,12 Aug 2022,N/A,"Action, Comedy, Thriller",Patrick Hughes,"Robbie Fox, Chris Bremner, Jason Blumenthal","Kaley Cuoco, Woody Harrelson, Kevin Hart",The world's deadliest assassin and New York's biggest screw-up are mistaken for each other at an Airbnb rental.,English,https://m.media-amazon.com/images/M/MV5BYzZmNTAwZGMtZTQ0OS00ZjkyLWFiMDAtYzUzZjk2ODQxMDM2XkEyXkFqcGdeQXVyMTAzNTkwODkw._V1_SX300.jpg,N/A,N/A,N/A,N/A
56,Samaritan,2022,PG-13,26 Aug 2022,N/A,"Action, Drama, Fantasy",Julius Avery,Bragi F. Schut,"Javon 'Wanna' Walton, Sylvester Stallone, Martin Starr",A young boy learns that a superhero who was thought to have gone missing after an epic battle twenty years ago may in fact still be around.,English,https://m.media-amazon.com/images/M/MV5BOTE4NmYzNDctN2JmYy00YjQxLTk5NWEtZWRlMzBhNmIxN2MxXkEyXkFqcGdeQXVyMTQ2MTg1Nzk@._V1_SX300.jpg,N/A,N/A,N/A,N/A
57,After Ever Happy,2022,N/A,07 Sep 2022,119 min,"Drama, Romance",Castille Landon,"Sharon Soboil, Anna Todd","Hero Fiennes Tiffin, Josephine Langford, Carter Jenkins","As a shocking truth about a couple's families emerges, the two lovers discover they are not so different from each other. Tessa is no longer the sweet, simple, good girl she was when she met Hardin — any more than he is the cruel, mo",English,https://m.media-amazon.com/images/M/MV5BYWUwMjZmZGYtYjIyOS00YTY2LWFiMjMtNWYyMjdlNmUwY2FmXkEyXkFqcGdeQXVyMTUzNDkzNDY@._V1_SX300.jpg,N/A,N/A,N/A,N/A
58,Salem's Lot,2022,N/A,09 Sep 2022,N/A,Horror,Gary Dauberman,"Gary Dauberman, Stephen King","Pilou Asbæk, Spencer Treat Clark, Alfre Woodard",A writer travels to a town where the people become vampires.,English,https://m.media-amazon.com/images/M/MV5BMGY2Mzk2NjQtMGYxMC00Y2Q1LWJiMDgtODJjMTgxN2UzYmI3XkEyXkFqcGdeQXVyMTI0MzcyMDk4._V1_SX300.jpg,N/A,N/A,N/A,N/A
59,Dark Harvest,2022,N/A,09 Sep 2022,N/A,Horror,David Slade,"Michael Gilio, Norman Partridge","Jeremy Davies, Elizabeth Reaser, Luke Kirby",A legendary monster called October Boy terrorizes residents in a small Midwestern town when he rises from the cornfields every Halloween with his butcher knife and makes his way toward those who are brave enough to confront him.,N/A,https://m.media-amazon.com/images/M/MV5BMTgyMzc2ODgtYmVjZi00OTAyLWE1NTQtOGVmZWM4MzhmNjdkXkEyXkFqcGdeQXVyNTk5NTQzNDI@._V1_SX300.jpg,N/A,N/A,N/A,N/A
60,The Woman King,2022,N/A,16 Sep 2022,N/A,"Drama, History",Gina Prince-Bythewood,"Gina Prince-Bythewood, Dana Stevens","Hero Fiennes Tiffin, Jordan Bolger, Viola Davis","A historical epic inspired by the true events that happened in The Kingdom of Dahomey, one of the most powerful states of Africa in the 18th and 19th centuries.",N/A,https://m.media-amazon.com/images/M/MV5BNDYwYjMwMTEtMjY5MS00NGJjLTlmODMtNmZhMTc4ZDkwODhhXkEyXkFqcGdeQXVyMzQ0NDM5NTk@._V1_SX300.jpg,N/A,N/A,N/A,N/A
61,Don't Worry Darling,2022,R,23 Sep 2022,N/A,"Crime, Drama, Horror",Olivia Wilde,"Katie Silberman, Carey Van Dyke, Shane Van Dyke","Gemma Chan, Florence Pugh, Olivia Wilde",A 1950's housewife living with her husband in a utopian experimental community begins to worry that his glamorous company may be hiding disturbing secrets.,English,https://m.media-amazon.com/images/M/MV5BNzlkODMzYWQtM2M3Yy00Y2Y0LTkyMGItNDViMDQ3N2FkYTAyXkEyXkFqcGdeQXVyNTA3NTA2ODM@._V1_SX300.jpg,N/A,N/A,N/A,N/A
62,Puss in Boots: The Last Wish,2022,N/A,23 Sep 2022,N/A,"Animation, Adventure, Comedy","Joel Crawford, Januel Mercado","Christopher Meledandri, Chris Miller","Antonio Banderas, Chris Miller, Miguel Gabriel",Puss in Boots discovers that his passion for adventure has taken its toll: he has burned through eight of his nine lives. Puss sets out on an epic journey to find the mythical Last Wish and restore his nine lives.,English,https://m.media-amazon.com/images/M/MV5BY2U2ZjI4NDctM2IxNy00ODdiLTk3NWItYjJhMjliYWVlOTI3XkEyXkFqcGdeQXVyODg2MTA3ODE@._V1_SX300.jpg,N/A,N/A,N/A,20th Century Fox
63,Spider-Man: Across the Spider-Verse - Part One,2022,N/A,07 Oct 2022,N/A,"Animation, Action, Adventure","Joaquim Dos Santos, Kemp Powers, Justin K. Thompson","Phil Lord, Christopher Miller, Dave Callaham","Shameik Moore, Hailee Steinfeld, Oscar Isaac","Miles Morales returns for the next chapter of the Oscar®-winning Spider-Verse saga, an epic adventure that will transport Brooklyn's full-time, friendly neighborhood Spider-Man across the Multiverse to join forces with Gwen Stacy and",English,https://m.media-amazon.com/images/M/MV5BZGRhNDE1YjYtOGUzMC00YjliLThiOTgtYTkwNmQwNDZjYjFhXkEyXkFqcGdeQXVyMTEyMjM2NDc2._V1_SX300.jpg,N/A,N/A,N/A,N/A
64,Till,2022,N/A,07 Oct 2022,N/A,Drama,Chinonye Chukwu,"Keith Beauchamp, Chinonye Chukwu, Michael Reilly","Haley Bennett, Whoopi Goldberg, Danielle Deadwyler",The story of Emmett Louis Till and the legacy of his mother who pursued justice for her lynched son.,N/A,https://m.media-amazon.com/images/M/MV5BYTlhOTA2MWYtNWMxOS00ZjhiLWI2YmEtMDRmYmE2NzQwNjI1XkEyXkFqcGdeQXVyMjIzMTQ5NjE@._V1_SX300.jpg,N/A,N/A,N/A,N/A
65,Halloween Ends,2022,N/A,14 Oct 2022,N/A,"Horror, Thriller",David Gordon Green,"Chris Bernier, John Carpenter, David Gordon Green","Jamie Lee Curtis, Kyle Richards, Andi Matichak",The saga of Michael Myers and Laurie Strode comes to a spine-chilling climax in this final installment of the franchise.,English,https://m.media-amazon.com/images/M/MV5BYTI4ZTVhOWMtOTNlNi00ZThmLTljNDktOGE3YmJhOGY3YTYxXkEyXkFqcGdeQXVyMTA3MDAxNDcw._V1_SX300.jpg,N/A,N/A,N/A,N/A
66,Ticket to Paradise,2022,N/A,21 Oct 2022,N/A,"Comedy, Romance",Ol Parker,"Ol Parker, Daniel Pipski","Kaitlyn Dever, George Clooney, Lucas Bravo",A divorced couple that teams up and travels to Bali to stop their daughter from making the same mistake they think they made 25 years ago.,N/A,N/A,N/A,N/A,N/A,N/A
67,The Devil's Light,2022,PG-13,28 Oct 2022,93 min,"Horror, Thriller",Daniel Stamm,"Robert Zappia, Todd R. Jones, Earl Richey Jones","Virginia Madsen, Nicholas Ralph, Colin Salmon",A nun prepares to perform an exorcism and comes face to face with a demonic force with mysterious ties to her past.,English,N/A,N/A,N/A,N/A,N/A
68,The Monkey King: The Legend Begins,2022,N/A,02 Nov 2022,90 min,Fantasy,Soi Cheang,Edmond Wong,"Donnie Yen, Chow Yun-Fat, Aaron Kwok","The Monkey King: The Legend Begins is the re-imagined version by Hollywood of the film The Monkey King: Havoc in Heavens Palace, the origin and birthplace of The Monkey King Story.",English,https://m.media-amazon.com/images/M/MV5BNWIzNGRlM2QtNzVlMS00YTkxLWEzY2ItZmJlMjVjYWFhMWUwXkEyXkFqcGdeQXVyMjQwMDg0Ng@@._V1_SX300.jpg,N/A,5.7,N/A,N/A
69,The Flash,2022,N/A,04 Nov 2022,N/A,"Action, Adventure, Fantasy",Andy Muschietti,"Christina Hodson, Gardner Fox, Harry Lampert","Temuera Morrison, Ben Affleck, Michael Keaton","The plot is unknown. Feature film based on the comic book superhero, The Flash.",English,https://m.media-amazon.com/images/M/MV5BOWNhMGU5MjEtMGVkYi00M2RiLWE5NjUtY2U5NDAxZTcwNDY0XkEyXkFqcGdeQXVyODk4OTc3MTY@._V1_SX300.jpg,N/A,N/A,N/A,N/A
70,Untitled David O. Russell,2022,N/A,04 Nov 2022,N/A,"Drama, History",David O. Russell,David O. Russell,"Anya Taylor-Joy, Margot Robbie, Rami Malek",Plot details kept under wraps.,English,N/A,N/A,N/A,N/A,N/A
71,Black Panther: Wakanda Forever,2022,N/A,11 Nov 2022,N/A,"Action, Adventure, Drama",Ryan Coogler,"Joe Robert Cole, Ryan Coogler","Letitia Wright, Daniel Kaluuya, Martin Freeman",A sequel that will continue to explore the world of Wakanda and all the characters introduced in the 2018 film.,English,https://m.media-amazon.com/images/M/MV5BYjJlMjBmYzUtY2E3MC00OWI1LWE1YmUtOTdmM2IyMTQyZDBjXkEyXkFqcGdeQXVyODk4OTc3MTY@._V1_SX300.jpg,N/A,N/A,N/A,N/A
72,Spellbound,2022,N/A,11 Nov 2022,N/A,"Animation, Adventure, Comedy",Vicky Jenson,"Lauren Hynek, Elizabeth Martin, Linda Woolverton",N/A,"Spellbound tells the story of Elian, a teenager who comes of age using her magical powers to defend her family when the opposing forces of light and darkness threaten to divide her kingdom.",English,https://m.media-amazon.com/images/M/MV5BMjMwYWNjYTItNmVkZS00YWEwLWJhZTEtOGVkMDlkNzIyNjJkXkEyXkFqcGdeQXVyMzY3MDEzMTA@._V1_SX300.jpg,N/A,N/A,N/A,N/A
73,Thirteen Lives,2022,PG-13,18 Nov 2022,N/A,"Biography, Drama, Thriller",Ron Howard,William Nicholson,"Tom Bateman, Colin Farrell, Viggo Mortensen",A rescue mission is assembled in Thailand where a group of young boys and their soccer coach are trapped in a system of underground caves that are flooding.,English,N/A,N/A,N/A,N/A,N/A
74,Creed III,2022,N/A,23 Nov 2022,N/A,"Drama, Sport",Michael B. Jordan,"Zach Baylin, Keenan Coogler","Tessa Thompson, Michael B. Jordan, Jonathan Majors",Third installment of the 'Creed' franchise.,English,N/A,N/A,N/A,N/A,N/A
75,The Fabelmans,2022,N/A,23 Nov 2022,N/A,Drama,Steven Spielberg,"Tony Kushner, Steven Spielberg","Michelle Williams, Seth Rogen, Paul Dano",A semi-autobiography based on Spielberg's own childhood.,English,https://m.media-amazon.com/images/M/MV5BNDliOTUyNjQtZWRiNC00MjcyLWIwM2YtMjY4NmQ4ODExOTNiXkEyXkFqcGdeQXVyMTIwMjQ4ODcw._V1_SX300.jpg,N/A,N/A,N/A,N/A
76,Strange World,2022,N/A,23 Nov 2022,N/A,"Animation, Action, Adventure",Don Hall,Qui Nguyen,Alan Tudyk,The legendary Clades are a family of explorers whose differences threatened to topple their latest and most crucial mission.,English,https://m.media-amazon.com/images/M/MV5BMDNjOTc2MGMtZTY2OC00YTZjLTljZmMtNTVhYTQzYTBlYjE5XkEyXkFqcGdeQXVyMTEzMTI1Mjk3._V1_SX300.jpg,N/A,N/A,N/A,N/A
77,Avatar 2,2022,N/A,16 Dec 2022,N/A,"Action, Adventure, Sci-Fi",James Cameron,"James Cameron, Josh Friedman","Zoe Saldana, Chloe Coleman, Kate Winslet","Jake Sully lives with his newfound family formed on the planet of Pandora. Once a familiar threat returns to finish what was previously started, Jake must work with Neytiri and the army of the Na'vi race to protect their planet.",English,https://m.media-amazon.com/images/M/MV5BNmM1NmY4N2QtNmVkOS00MjMyLWI5ZGUtYWYxMDRjY2MzNDdiXkEyXkFqcGdeQXVyMTAwMDAwMA@@._V1_SX300.jpg,N/A,N/A,N/A,N/A
78,Aquaman and the Lost Kingdom,2022,N/A,16 Dec 2022,N/A,"Action, Adventure, Fantasy",James Wan,"David Leslie Johnson-McGoldrick, Paul Norris, Mort Weisinger","Temuera Morrison, Nicole Kidman, Jason Momoa",Plot unknown. Sequel to the 2018 film 'Aquaman.',English,https://m.media-amazon.com/images/M/MV5BM2QyYTRkMjMtMDk5NC00OTc0LWIyYTYtNGNhMzRjMTNhNGNkXkEyXkFqcGdeQXVyNjc0NzQzNTM@._V1_SX300.jpg,N/A,N/A,N/A,N/A
79,Untitled Illumination Entertainment Project,2022,N/A,21 Dec 2022,N/A,"Animation, Adventure, Comedy","Aaron Horvath, Michael Jelenic","Matthew Fogel, Shigeru Miyamoto","Anya Taylor-Joy, Chris Pratt, Seth Rogen","A plumber named Mario travels through an underground labyrinth with his brother, Luigi, trying to save a captured princess. Feature film adaptation of the popular video game.",English,https://m.media-amazon.com/images/M/MV5BODMzNmZjZGItNjk5Yy00ZTg5LTg1MjMtODU4NmUzMjg2M2E3XkEyXkFqcGdeQXVyMTEyMjM2NDc2._V1_SX300.jpg,N/A,N/A,N/A,N/A
80,I Wanna Dance with Somebody,2022,N/A,23 Dec 2022,N/A,"Biography, Music",Kasi Lemmons,Anthony McCarten,"Stanley Tucci, Tamara Tunie, Clarke Peters","The joyous, emotional and heart-breaking celebration of the life and music of Whitney Houston, the greatest female R&amp;B pop vocalist of all time. Tracking her journey from obscurity to musical super stardom",N/A,N/A,N/A,N/A,N/A,N/A
81,A Man Called Otto,2022,N/A,N/A,N/A,"Comedy, Drama",Marc Forster,Fredrik Backman,"Tom Hanks, Rachel Keller, Manuel Garcia-Rulfo",A cranky retired man strikes up an unlikely friendship with his boisterous new neighbors. A remake of the 2015 Swedish film.,English,N/A,N/A,N/A,N/A,N/A
82,Babylon,2022,N/A,06 Jan 2023,N/A,Drama,Damien Chazelle,Damien Chazelle,"Brad Pitt, Margot Robbie, Olivia Wilde",Plot unknown. Rumored to be set in period Hollywood.,English,https://m.media-amazon.com/images/M/MV5BOGI5N2RhOTItNTU0Yy00ZThkLTlhZWUtYTBkNzU5MTQ5OTdjXkEyXkFqcGdeQXVyMTA0NTY3NDQx._V1_SX300.jpg,N/A,N/A,N/A,N/A
