Title,Year,Rated,Released,Genre,Director,Writer,Actors,Language,Metascore,imdbRating,BoxOffice,Runtime
Spider-Man: No Way Home,2021,PG-13,2021-12-17,"Action, Adventure, Fantasy",Jon Watts,"Chris McKenna, Erik Sommers, Stan Lee","Tom Holland, Zendaya, Benedict Cumberbatch",English,71.0,8.7,720891602,148 min
Shang-Chi and the Legend of the Ten Rings,2021,PG-13,2021-09-03,"Action, Adventure, Fantasy",Destin Daniel Cretton,"Dave Callaham, Destin Daniel Cretton, Andrew Lanham","Simu Liu, Awkwafina, Tony Chiu-Wai Leung","English, Mandarin",71.0,7.5,224543292,132 min
Venom: Let There Be Carnage,2021,PG-13,2021-10-01,"Action, Adventure, Sci-Fi",Andy Serkis,"Kelly Marcel, Tom Hardy","Tom Hardy, Woody Harrelson, Michelle Williams",English,49.0,6.0,213550366,97 min
Black Widow,2021,PG-13,2021-07-09,"Action, Adventure, Sci-Fi",Cate Shortland,"Eric Pearson, Jac Schaeffer, Ned Benson","Scarlett Johansson, Florence Pugh, David Harbour","English, Russian, Norwegian, Hungarian, Macedonian, Finnish",67.0,6.7,183651655,134 min
F9: The Fast Saga,2021,PG-13,2021-06-25,"Action, Crime, Thriller",Justin Lin,"Daniel Casey, Justin Lin, Alfredo Botello","Vin Diesel, Michelle Rodriguez, Jordana Brewster",English,58.0,5.2,173005945,143 min
Eternals,2021,PG-13,2021-11-05,"Action, Adventure, Fantasy",Chloé Zhao,"Chloé Zhao, Patrick Burleigh, Ryan Firpo","Gemma Chan, Richard Madden, Angelina Jolie","English, American Sign , Marathi, Spanish, Sumerian, Latin, Greek, Ancient (to 1453)",52.0,6.4,164870234,156 min
No Time to Die,2021,PG-13,2021-10-08,"Action, Adventure, Thriller",Cary Joji Fukunaga,"Neal Purvis, Robert Wade, Cary Joji Fukunaga","Daniel Craig, Ana de Armas, Rami Malek","English, French, Italian, Russian, Spanish, German",68.0,7.3,160891007,163 min
Sing 2,2021,PG,2021-12-22,"Animation, Adventure, Comedy",Garth Jennings,Garth Jennings,"Matthew McConaughey, Reese Witherspoon, Scarlett Johansson",English,49.0,7.6,129708860,110 min
Ghostbusters: Afterlife,2021,PG-13,2021-11-19,"Adventure, Comedy, Fantasy",Jason Reitman,"Gil Kenan, Jason Reitman, Dan Aykroyd","Carrie Coon, Paul Rudd, Finn Wolfhard",English,45.0,7.2,128885266,124 min
Free Guy,2021,PG-13,2021-08-13,"Action, Adventure, Comedy",Shawn Levy,"Matt Lieberman, Zak Penn","Ryan Reynolds, Jodie Comer, Taika Waititi","English, Japanese, German",62.0,7.2,121626598,115 min
Jungle Cruise,2021,PG-13,2021-07-30,"Action, Adventure, Comedy",Jaume Collet-Serra,"Michael Green, Glenn Ficarra, John Requa","Dwayne Johnson, Emily Blunt, Edgar Ramírez","English, German, Spanish, Italian, Tupi, French, Portuguese, Latin",50.0,6.6,116987516,127 min
Dune,2021,PG-13,2021-10-22,"Action, Adventure, Drama",Denis Villeneuve,"Jon Spaihts, Denis Villeneuve, Eric Roth","Timothée Chalamet, Rebecca Ferguson, Zendaya","English, Mandarin",74.0,8.1,107868493,155 min
Godzilla vs. Kong,2021,PG-13,2021-03-31,"Action, Sci-Fi, Thriller",Adam Wingard,"Terry Rossio, Michael Dougherty, Zach Shields","Alexander Skarsgård, Millie Bobby Brown, Rebecca Hall","English, American Sign ",59.0,6.4,100563133,113 min
Encanto,2021,PG,2021-11-24,"Animation, Adventure, Comedy","Jared Bush, Byron Howard, Charise Castro Smith","Charise Castro Smith, Jared Bush, Byron Howard","Stephanie Beatriz, María Cecilia Botero, John Leguizamo","English, Spanish",76.0,7.3,93465570,102 min
Halloween Kills,2021,R,2021-10-15,"Horror, Thriller",David Gordon Green,"John Carpenter, Debra Hill, Scott Teems","Jamie Lee Curtis, Judy Greer, Andi Matichak",English,42.0,5.6,92002155,105 min
Cruella,2021,PG-13,2021-05-28,"Adventure, Comedy, Crime",Craig Gillespie,"Dana Fox, Tony McNamara, Aline Brosh McKenna","Emma Stone, Emma Thompson, Joel Fry","English, French",59.0,7.4,86103234,134 min
Space Jam: A New Legacy,2021,PG,2021-07-15,"Animation, Adventure, Comedy",Malcolm D. Lee,"Leo Benvenuti, Steve Rudnick, Timothy Harris","LeBron James, Don Cheadle, Cedric Joe",English,36.0,4.4,70528072,115 min
The Conjuring: The Devil Made Me Do It,2021,R,2021-06-04,"Horror, Mystery, Thriller",Michael Chaves,"David Leslie Johnson-McGoldrick, James Wan, Chad Hayes","Patrick Wilson, Vera Farmiga, Ruairi O'Connor","English, Latin",53.0,6.3,65631050,112 min
Candyman,2021,R,2021-08-27,"Horror, Thriller",Nia DaCosta,"Jordan Peele, Win Rosenfeld, Nia DaCosta","Yahya Abdul-Mateen II, Teyonah Parris, Nathan Stewart-Jarrett","English, French",72.0,5.9,61186570,91 min
The Boss Baby: Family Business,2021,PG,2021-07-02,"Animation, Adventure, Comedy",Tom McGrath,"Marla Frazee, Tom McGrath, Michael McCullers","Alec Baldwin, James Marsden, Amy Sedaris","English, French, Spanish, German, Japanese, Russian, Hindi, Korean",39.0,5.9,57300280,107 min
The Addams Family 2,2021,PG,2021-10-01,"Animation, Adventure, Comedy","Greg Tiernan, Conrad Vernon, Laura Brousseau","Dan Hernandez, Benji Samit, Ben Queen","Oscar Isaac, Charlize Theron, Chloë Grace Moretz","English, Spanish, Latin",37.0,5.4,56489153,93 min
The Suicide Squad,2021,R,2021-08-05,"Action, Adventure, Comedy",James Gunn,James Gunn,"Margot Robbie, Idris Elba, John Cena",English,72.0,7.2,55817425,132 min
Raya and the Last Dragon,2021,PG,2021-03-05,"Animation, Action, Adventure","Don Hall, Carlos López Estrada, John Ripa","Qui Nguyen, Adele Lim, Paul Briggs","Kelly Marie Tran, Awkwafina, Gemma Chan",English,75.0,7.3,54723032,107 min
House of Gucci,2021,R,2021-11-24,"Crime, Drama",Ridley Scott,"Becky Johnston, Roberto Bentivegna, Sara Gay Forden","Lady Gaga, Adam Driver, Al Pacino","English, Italian, Arabic, French, Japanese",59.0,6.9,53667485,158 min
Clifford the Big Red Dog,2021,PG,2021-11-10,"Adventure, Comedy, Family",Walt Becker,"Jay Scherick, David Ronn, Blaise Hemingway","Darby Camp, Jack Whitehall, Izaac Wang","English, Spanish, Russian, Mandarin",55.0,6.0,48947356,96 min
Old,2021,PG-13,2021-07-23,"Drama, Horror, Mystery",M. Night Shyamalan,"M. Night Shyamalan, Pierre-Oscar Lévy, Frederik Peeters","Gael García Bernal, Vicky Krieps, Rufus Sewell",English,55.0,5.8,48242510,108 min
Tom and Jerry,2021,PG,2021-02-26,"Animation, Adventure, Comedy",Tim Story,"William Hanna, Joseph Barbera, Kevin Costello","Chloë Grace Moretz, Michael Peña, Colin Jost",English,32.0,5.3,46536687,101 min
The Forever Purge,2021,R,2021-07-02,"Action, Horror, Thriller",Everardo Gout,James DeMonaco,"Ana de la Reguera, Tenoch Huerta, Josh Lucas","English, Spanish",53.0,5.4,44539245,103 min
Mortal Kombat,2021,R,2021-04-23,"Action, Adventure, Fantasy",Simon McQuoid,"Greg Russo, Dave Callaham, Oren Uziel","Lewis Tan, Jessica McNamee, Josh Lawson","English, Japanese, Chinese",44.0,6.1,42326031,110 min
Peter Rabbit 2: The Runaway,2021,PG,2021-06-11,"Animation, Adventure, Comedy",Will Gluck,"Will Gluck, Patrick Burleigh, Beatrix Potter","Rose Byrne, Domhnall Gleeson, David Oyelowo",English,43.0,6.2,40501717,93 min
PAW Patrol: The Movie,2021,G,2021-08-20,"Animation, Action, Adventure",Cal Brunker,"Billy Frolick, Cal Brunker, Bob Barlen","Tyler Perry, Ron Pardo, Will Brisbin",English,50.0,6.2,40127371,86 min
West Side Story,2021,PG-13,2021-12-10,"Crime, Drama, Musical",Steven Spielberg,"Tony Kushner, Arthur Laurents","Ansel Elgort, Rachel Zegler, Ariana DeBose","English, Spanish",85.0,7.8,37200196,156 min
The Matrix Resurrections,2021,R,2021-12-22,"Action, Sci-Fi",Lana Wachowski,"Lana Wachowski, David Mitchell, Aleksandar Hemon","Keanu Reeves, Carrie-Anne Moss, Yahya Abdul-Mateen II","English, French, Spanish, Japanese",63.0,5.7,36645917,148 min
The King's Man,2021,R,2021-12-22,"Action, Adventure, Thriller",Matthew Vaughn,"Matthew Vaughn, Karl Gajdusek, Mark Millar","Ralph Fiennes, Gemma Arterton, Rhys Ifans","English, Latin, German, French, Russian",44.0,6.4,37087956,131 min
In the Heights,2021,PG-13,2021-06-11,"Drama, Musical, Romance",Jon M. Chu,"Quiara Alegría Hudes, Lin-Manuel Miranda","Anthony Ramos, Corey Hawkins, Leslie Grace","English, Spanish",84.0,7.3,29975167,143 min
Nobody,2021,R,2021-03-26,"Action, Crime, Drama",Ilya Naishuller,Derek Kolstad,"Bob Odenkirk, Aleksey Serebryakov, Connie Nielsen","English, Russian, Spanish",64.0,7.4,27268035,92 min
Wrath of Man,2021,R,2021-05-07,"Action, Crime, Thriller",Guy Ritchie,"Nicolas Boukhrief, Éric Besnard, Guy Ritchie","Jason Statham, Holt McCallany, Josh Hartnett",English,57.0,7.1,27466489,119 min
Escape Room: Tournament of Champions,2021,PG-13,2021-07-16,"Action, Adventure, Horror",Adam Robitel,"Will Honley, Maria Melnik, Daniel Tuch","Taylor Russell, Logan Miller, Deborah Ann Woll",English,48.0,5.8,25314753,88 min
Respect,2021,PG-13,2021-08-13,"Biography, Drama, Music",Liesl Tommy,"Tracey Scott Wilson, Callie Khouri","Jennifer Hudson, Forest Whitaker, Marlon Wayans",English,61.0,6.6,24278399,145 min
Spiral,2021,R,2021-05-14,"Crime, Drama, Horror",Darren Lynn Bousman,"Josh Stolberg, Pete Goldfinger","Chris Rock, Samuel L. Jackson, Max Minghella",English,40.0,5.3,23216862,93 min
Ron's Gone Wrong,2021,PG,2021-10-22,"Animation, Adventure, Comedy","Sarah Smith, Jean-Philippe Vine, Octavio E. Rodriguez","Peter Baynham, Sarah Smith","Jack Dylan Grazer, Zach Galifianakis, Ed Helms",English,65.0,7.1,23009270,107 min
Spirit Untamed,2021,PG,2021-06-04,"Animation, Adventure, Comedy","Elaine Bogan, Ennio Torresan","Aury Wallington, Kristin Hahn, Katherine Nolfi","Isabela Merced, Marsai Martin, Mckenna Grace",English,49.0,5.5,17635215,88 min
The Green Knight,2021,R,2021-07-30,"Adventure, Drama, Fantasy",David Lowery,David Lowery,"Dev Patel, Alicia Vikander, Joel Edgerton",English,85.0,6.6,17173321,130 min
Resident Evil: Welcome to Raccoon City,2021,R,2021-11-24,"Action, Horror, Sci-Fi",Johannes Roberts,Johannes Roberts,"Kaya Scodelario, Robbie Amell, Hannah John-Kamen",English,44.0,5.2,16962542,107 min
The French Dispatch,2021,R,2021-10-22,"Comedy, Drama, Romance",Wes Anderson,"Wes Anderson, Roman Coppola, Hugo Guinness","Benicio Del Toro, Adrien Brody, Tilda Swinton","English, French",74.0,7.3,16124375,107 min
Licorice Pizza,2021,R,2021-12-25,"Comedy, Drama, Romance",Paul Thomas Anderson,Paul Thomas Anderson,"Alana Haim, Cooper Hoffman, Sean Penn","English, Japanese, Spanish",90.0,7.8,14592081,133 min
The Marksman,2021,PG-13,2021-01-15,"Action, Adventure, Thriller",Robert Lorenz,"Chris Charles, Danny Kravitz, Robert Lorenz","Katheryn Winnick, Liam Neeson, Teresa Ruiz","English, Spanish",44.0,5.6,15566093,108 min
The Unholy,2021,PG-13,2021-04-02,"Drama, Horror, Mystery",Evan Spiliotopoulos,"Evan Spiliotopoulos, James Herbert","Jeffrey Dean Morgan, Cricket Brown, William Sadler","English, American Sign , Latin",36.0,5.1,15532137,99 min
The Little Things,2021,R,2021-01-29,"Crime, Drama, Mystery",John Lee Hancock,John Lee Hancock,"Denzel Washington, Rami Malek, Jared Leto","English, Spanish, Arabic",54.0,6.3,15342746,128 min
Dear Evan Hansen,2021,PG-13,2021-09-24,"Drama, Musical",Stephen Chbosky,"Steven Levenson, Benj Pasek, Justin Paul","Ben Platt, Julianne Moore, Kaitlyn Dever",English,39.0,6.1,15002646,137 min
King Richard,2021,PG-13,2021-11-19,"Biography, Drama, Sport",Reinaldo Marcus Green,Zach Baylin,"Will Smith, Aunjanue Ellis, Jon Bernthal",English,76.0,7.6,14849075,144 min
Stillwater,2021,R,2021-07-30,"Crime, Drama, Thriller",Tom McCarthy,"Tom McCarthy, Marcus Hinchey, Thomas Bidegain","Matt Damon, Camille Cottin, Abigail Breslin","English, French",60.0,6.6,14465535,139 min
Malignant,2021,R,2021-09-10,"Crime, Horror, Mystery",James Wan,"James Wan, Ingrid Bisu, Akela Cooper","Annabelle Wallis, Maddie Hasson, George Young",English,51.0,6.3,13391791,111 min
Christmas with the Chosen: The Messengers,2021,Not Rated,2021-12-01,Music,"Dallas Jenkins, Jacob Schwarz, Aaron Edson",0,"Austin Reed Alleman, Sara Anne, Alican Barlas",0,0.0,7.7,13728000,123 min
Chaos Walking,2021,PG-13,2021-03-05,"Action, Adventure, Fantasy",Doug Liman,"Patrick Ness, Christopher Ford","Tom Holland, Daisy Ridley, Demián Bichir",English,38.0,5.8,13287908,109 min
Nightmare Alley,2021,R,2021-12-17,"Crime, Drama, Thriller",Guillermo del Toro,"Guillermo del Toro, Kim Morgan, William Lindsay Gresham","Bradley Cooper, Cate Blanchett, Toni Collette",English,70.0,7.4,11031950,150 min
The Last Duel,2021,R,2021-10-15,"Action, Drama, History",Ridley Scott,"Nicole Holofcener, Ben Affleck, Matt Damon","Matt Damon, Adam Driver, Jodie Comer","English, German, French, Latin",67.0,7.4,10853945,152 min
Antlers,2021,R,2021-10-29,"Drama, Horror, Mystery",Scott Cooper,"Henry Chaisson, Nick Antosca, Scott Cooper","Keri Russell, Jesse Plemons, Jeremy T. Thomas","English, Ojibwa",57.0,5.9,10619670,99 min
Cry Macho,2021,PG-13,2021-09-17,"Drama, Thriller",Clint Eastwood,"Nick Schenk, N. Richard Nash","Clint Eastwood, Dwight Yoakam, Daniel V. Graulau","English, Spanish, American Sign ",58.0,5.7,10310734,104 min
Last Night in Soho,2021,R,2021-10-29,"Drama, Horror, Mystery",Edgar Wright,"Edgar Wright, Krysty Wilson-Cairns","Thomasin McKenzie, Anya Taylor-Joy, Matt Smith",English,65.0,7.2,10127625,116 min
Belfast,2021,PG-13,2021-11-12,"Biography, Drama, History",Kenneth Branagh,Kenneth Branagh,"Jude Hill, Lewis McAskie, Caitriona Balfe",English,75.0,7.4,7197965,98 min
The Many Saints of Newark,2021,R,2021-10-01,"Crime, Drama",Alan Taylor,"David Chase, Lawrence Konner","Alessandro Nivola, Leslie Odom Jr., Jon Bernthal","English, Italian, Latin",60.0,6.3,8237403,120 min
The Protégé,2021,R,2021-08-20,"Action, Thriller",Martin Campbell,Richard Wenk,"Michael Keaton, Maggie Q, Samuel L. Jackson",English,48.0,6.1,7446823,109 min
Those Who Wish Me Dead,2021,R,2021-05-14,"Action, Crime, Drama",Taylor Sheridan,"Michael Koryta, Charles Leavitt, Taylor Sheridan","Angelina Jolie, Nicholas Hoult, Finn Little",English,59.0,6.0,7407200,100 min
Spencer,2021,R,2021-11-05,"Biography, Drama",Pablo Larraín,Steven Knight,"Kristen Stewart, Timothy Spall, Jack Nielen",English,76.0,6.8,7086632,117 min
A Journal for Jordan,2021,PG-13,2021-12-25,Drama,Denzel Washington,"Virgil Williams, Charles Monroe King, Dana Canedy","Michael B. Jordan, Chanté Adams, Jalon Christian",English,42.0,5.7,6312915,131 min
Judas and the Black Messiah,2021,R,2021-02-12,"Biography, Drama, History",Shaka King,"Will Berson, Shaka King, Kenneth Lucas","Daniel Kaluuya, LaKeith Stanfield, Jesse Plemons",English,85.0,7.5,5478009,126 min
Roadrunner: A Film About Anthony Bourdain,2021,R,2021-07-16,Documentary,Morgan Neville,0,"Anthony Bourdain, Ottavia Bourdain, David Chang",English,0.0,7.8,5249970,119 min
Copshop,2021,R,2021-09-17,"Action, Crime, Thriller",Joe Carnahan,"Kurt McLeod, Joe Carnahan, Mark Williams","Gerard Butler, Frank Grillo, Alexis Louder",English,61.0,6.2,5213243,107 min
Separation,2021,R,2021-04-30,Horror,William Brent Bell,"Nick Amadeus, Josh Braun","Rupert Friend, Violet McGraw, Madeline Brewer",English,0.0,4.7,4509143,107 min
Boogie,2021,R,2021-03-05,"Drama, Sport",Eddie Huang,Eddie Huang,"Taylor Takahashi, Pamelyn Chee, Jorge Lendeborg Jr.",English,54.0,5.2,4178620,90 min
Reminiscence,2021,PG-13,2021-08-20,"Mystery, Romance, Sci-Fi",Lisa Joy,Lisa Joy,"Hugh Jackman, Rebecca Ferguson, Thandiwe Newton","English, Mandarin, Spanish",46.0,5.9,3900193,116 min
12 Mighty Orphans,2021,PG-13,2021-06-18,"History, Sport",Ty Roberts,"Jim Dent, Ty Roberts, Lane Garrison","Luke Wilson, Vinessa Shaw, Wayne Knight",English,44.0,6.9,3689637,118 min
Pig,2021,R,2021-07-16,"Drama, Mystery, Thriller",Michael Sarnoski,"Vanessa Block, Michael Sarnoski","Nicolas Cage, Alex Wolff, Adam Arkin",English,82.0,7.0,3186668,92 min
The Girl Who Believes in Miracles,2021,PG,2021-04-02,"Drama, Family",Richard Correll,"Richard Correll, G.M. Mercier","Mira Sorvino, Austyn Johnson, Kevin Sorbo",English,0.0,5.4,3163362,100 min
Voyagers,2021,PG-13,2021-04-09,"Adventure, Sci-Fi, Thriller",Neil Burger,Neil Burger,"Colin Farrell, Tye Sheridan, Lily-Rose Depp",English,44.0,5.4,3149935,108 min
The House Next Door: Meet the Blacks 2,2021,R,2021-06-11,"Action, Comedy, Horror",Deon Taylor,"Corey Harrell, Deon Taylor","Mike Epps, Katt Williams, Lil Duval",English,0.0,3.8,2893660,97 min
Here Today,2021,PG-13,2021-05-07,"Comedy, Drama",Billy Crystal,"Alan Zweibel, Billy Crystal","Billy Crystal, Chad Jennings, Dierdre Friel",English,40.0,6.7,2807494,117 min
Finding You,2021,Not Rated,2021-05-14,"Drama, Romance",0,0,"Chris Murphy Smith, Christopher Brian, Phil Kramer",English,0.0,0.0,2676410,0
Lamb,2021,R,2021-09-24,"Drama, Fantasy, Horror",Valdimar Jóhannsson,"Sjón, Valdimar Jóhannsson","Noomi Rapace, Hilmir Snær Guðnason, Björn Hlynur Haraldsson",Icelandic,68.0,6.3,2657850,106 min
The Card Counter,2021,R,2021-09-10,"Crime, Drama, Thriller",Paul Schrader,Paul Schrader,"Oscar Isaac, Tiffany Haddish, Tye Sheridan",English,77.0,6.3,2577830,111 min
Land,2021,PG-13,2021-02-12,"Adventure, Drama",Robin Wright,"Jesse Chatham, Erin Dignam","Robin Wright, Demián Bichir, Sarah Dawn Pledge",English,61.0,6.7,2404127,89 min
The Eyes of Tammy Faye,2021,PG-13,2021-09-17,"Biography, Drama, Romance",Michael Showalter,"Fenton Bailey, Randy Barbato, Abe Sylvia","Jessica Chastain, Andrew Garfield, Cherry Jones",English,55.0,6.7,2320649,126 min
"Summer of Soul (...Or, When the Revolution Could Not Be Televised)",2021,PG-13,2021-07-02,"Documentary, Music",Questlove,0,"Dorinda Drake, Barbara Bland-Acosta, Darryl Lewis",English,96.0,8.1,2170750,118 min
After We Fell,2021,R,2021-10-22,"Drama, Romance",Castille Landon,"Anna Todd, Sharon Soboil","Josephine Langford, Hero Fiennes Tiffin, Louise Lombard",English,0.0,4.7,0,98 min
The Father,2021,0,2021-03-21,"Short, Drama",Blake Ridder,Blake Ridder,"Louis James, Stewart Permutt, Blake Ridder",English,0.0,0.0,1926706,0
Queen Bees,2021,PG-13,2021-06-11,"Comedy, Drama, Romance",Michael Lembeck,"Donald Martin, Harrison Powell","Ellen Burstyn, Jane Curtin, Loretta Devine",English,52.0,6.2,1782909,100 min
Show Me the Father,2021,PG,2021-09-10,"Documentary, Drama",Rick Altizer,0,"Jim Daly, Jonathan Evans, Tony Evans",English,0.0,6.4,1442988,91 min
Point of View: A Designer Profile,2021,0,2021-03-14,0,0,0,"Brian Patrick Flynn, Jean Stoffer, Lauren Bradshaw",English,0.0,0.0,1437938,0
Titane,2021,R,2021-10-01,"Drama, Horror, Sci-Fi",Julia Ducournau,"Julia Ducournau, Jacques Akchoti, Simonetta Greggio","Vincent Lindon, Agathe Rousselle, Garance Marillier",French,75.0,6.7,1800000,108 min
Together Together,2021,R,2021-04-23,Comedy,Nikole Beckwith,Nikole Beckwith,"Patti Harrison, Ed Helms, Rosalind Chao",English,70.0,6.5,1251184,90 min
Honsla Rakh,2021,0,2021-11-24,"Comedy, Drama, Romance",Amarjit Singh Saron,Rakesh Dhawan,"Diljit Dosanjh, Shehnaaz Gill, Sonam Bajwa",Punjabi,0.0,8.0,1113723,145 min
Wrong Turn,2021,R,2021-02-26,"Horror, Thriller",Mike P. Nelson,Alan B. McElroy,"Charlotte Vega, Adain Bradley, Bill Sage",English,46.0,5.5,1023086,109 min
In the Earth,2021,R,2021-04-16,"Horror, Sci-Fi, Thriller",Ben Wheatley,Ben Wheatley,"Joel Fry, Reece Shearsmith, Hayley Squires",English,63.0,5.2,1038255,107 min
Red Rocket,2021,R,2021-12-17,"Comedy, Drama",Sean Baker,"Sean Baker, Chris Bergoch","Simon Rex, Bree Elrod, Suzanna Son",English,75.0,7.4,1018532,130 min
True to the Game 3,2021,R,2021-12-03,"Romance, Thriller",David Wolfgang,Jeff Robertson,"Malik Barnhardt, Starletta DuPois, Omar Gooding",English,0.0,4.8,1016725,98 min
Long Weekend,2021,R,2021-03-12,"Comedy, Romance",Steve Basilone,Steve Basilone,"Steve Basilone, Jennifer Irwin, Jess Jacobs",English,53.0,6.1,855765,91 min
The Jesus Music,2021,PG-13,2021-10-01,Documentary,"Andrew Erwin, Jon Erwin","Jon Erwin, Bekah Hubbell","Kirk Franklin, Amy Grant, Kevin Max",English,42.0,7.0,844743,109 min
Witnesses,2021,PG,2021-06-04,"Action, Adventure, Drama",Mark Goodman,Mitch Davis,"Michael Zuccola, Caleb J. Spivak, Lincoln Hoppe",English,0.0,4.2,836536,110 min
The Alpinist,2021,PG-13,2021-09-10,Documentary,"Peter Mortimer, Nick Rosen",0,"Marc-André Leclerc, Peter Mortimer, Alex Honnold",English,67.0,8.0,738175,92 min
The Mauritanian,2021,R,2021-03-02,"Biography, Drama, Thriller",Kevin Macdonald,"Michael Bronner, Rory Haines, Sohrab Noshirvani","Tahar Rahim, Nouhe Hamady Bari, Saadna Hamoud","English, French, Arabic, German",53.0,7.5,1060556,129 min
Blue Bayou,2021,R,2021-09-17,Drama,Justin Chon,Justin Chon,"Justin Chon, Alicia Vikander, Mark O'Brien",English,58.0,7.1,744813,117 min
The Rescue,2021,PG,2021-10-08,"Documentary, Action, Mystery","Jimmy Chin, Elizabeth Chai Vasarhelyi",0,"Bancha Duriyapunt, Apakorn Youkongkaew, Anan Surawan",English,0.0,8.4,637665,107 min
Lamb of God: The Concert Film,2021,0,2021-03-12,Musical,Rob Gardner,Rob Gardner,"Casey Elliott, Katherine Thomas, Tyler Hardwick",English,0.0,8.5,575783,90 min
The Sparks Brothers,2021,R,2021-06-18,"Documentary, Biography, Comedy",Edgar Wright,0,"Ron Mael, Russell Mael, Beck",English,80.0,7.9,480774,140 min
Werewolves Within,2021,R,2021-07-02,"Comedy, Horror, Mystery",Josh Ruben,Mishna Wolff,"Sam Richardson, Milana Vayntrub, George Basil",English,66.0,6.0,475488,97 min
For the Love of Money,2021,R,2021-10-20,"Drama, Thriller",Leslie Small,"Timothy Allen Smith, Zadia Ife, Leslie Small","Katt Williams, Keri Hilson, Rotimi",English,0.0,6.0,470000,99 min
National Champions,2021,R,2021-12-10,"Drama, Sport",Ric Roman Waugh,Adam Mervis,"Stephan James, J.K. Simmons, Alexander Ludwig",English,52.0,5.6,445740,116 min
Jathi Ratnalu,2021,0,2021-03-11,Comedy,Anudeep K.V.,Anudeep K.V.,"Naveen Polishetty, Rahul Ramakrishna, Priyadarshi",Telugu,0.0,7.6,424667,145 min
The Lost Leonardo,2021,PG-13,2021-08-13,Documentary,Andreas Koefoed,"Andreas Dalsgaard, Christian Kirk Muff, Andreas Koefoed","Jerry Saltz, Robert K. Wittman, Doug Patteson","English, French",79.0,7.6,418286,96 min
Flag Day,2021,R,2021-08-20,"Crime, Drama",Sean Penn,"Jez Butterworth, Jennifer Vogel, John-Henry Butterworth","Mitchell McCormick, Tom Anniko, Dylan Penn",English,53.0,4.9,0,109 min
Willy's Wonderland,2021,TV-MA,2021-02-12,"Action, Comedy, Horror",Kevin Lewis,G.O. Parsons,"Nicolas Cage, Emily Tosta, Beth Grant",English,44.0,5.5,395743,88 min
Dreamland: The Burning of Black Wall Street,2021,0,2021-05-31,Documentary,Salima Koroma,0,"Alicia Odewale, Hannibal Johnson, Kary Stacklebeck",English,0.0,6.7,353224,98 min
Julia,2021,PG-13,2022-03-18,Documentary,"Julie Cohen, Betsy West",0,"José Andrés, Antonietta Brownell, Julia Child",English,71.0,7.6,350000,95 min
Benedetta,2021,Unrated,2021-12-03,"Biography, Drama, History",Paul Verhoeven,"David Birke, Paul Verhoeven, Judith C. Brown","Virginie Efira, Charlotte Rampling, Daphne Patakia","French, Latin",73.0,6.7,100094,131 min
Bo Gia,2021,0,2021-03-12,"Comedy, Drama, Family","Tran Thanh, Ngoc Dang Vu","Ho Thuc An, Nhi Bui","Tran Thanh, Tuan Tran, Ngan Chi",Vietnamese,0.0,6.7,404371,128 min
Flee,2021,PG-13,2021-06-17,"Documentary, Animation",Jonas Poher Rasmussen,"Amin Nawabi, Jonas Poher Rasmussen","Daniel Karimyar, Fardin Mijdzadeh, Milad Eskandari","Danish, English, Dari, Russian, Swedish",90.0,8.1,288714,89 min
Dutch,2021,R,2021-03-12,Action,Preston A. Whitmore II,"Preston A. Whitmore II, Teri Woods","Natasha Marc, Iyana Halley, Malcolm David Kelley",English,0.0,3.7,269435,109 min
India Sweets and Spices,2021,PG-13,2021-06-12,Comedy,Geeta Malik,Geeta Malik,"Sophia Ali, Manisha Koirala, Rish Shah",English,57.0,6.0,264626,101 min
A Mouthful of Air,2021,R,2021-10-29,Drama,Amy Koppelman,Amy Koppelman,"Amanda Seyfried, Olivia Katz, Christian Kutz",English,52.0,6.0,254775,105 min
Rita Moreno: Just a Girl Who Decided to Go for It,2021,PG-13,2021-06-18,"Documentary, Biography",Mariem Pérez Riera,0,"Lin-Manuel Miranda, Morgan Freeman, Marlon Brando",English,77.0,7.7,0,90 min
Once I Was Engaged,2021,0,2021-07-21,Comedy,"Maclain Nelson, Stephen Shimek",Maclain Nelson,"Bart Johnson, Paris Warner, Clare Niederpruem",0,0.0,7.0,231687,107 min
Supernova,2021,0,2021-07-23,"Short, Drama",Lorenzo Baldi,Lorenzo Baldi,"Jules Baron, Paul Samrani",French,0.0,0.0,0,0
Becoming Cousteau,2021,PG-13,2021-11-24,"Documentary, Adventure, Biography",Liz Garbus,"Mark Monroe, Pax Wassermann","Vincent Cassel, Carol Burnett, Louis Malle","English, French",74.0,7.1,0,94 min
Limbo,2021,0,2021-11-18,Drama,Soi Cheang,Kin-Yee Au,"Ka-Tung Lam, Yase Liu, Mason Lee","Chinese, Cantonese",0.0,7.2,214390,118 min
Doctor,2021,0,2021-10-09,"Action, Comedy, Crime",Nelson Dilipkumar,Nelson Dilipkumar,"Sivakarthikeyan, Vinay Rai, Priyanka Arulmohan",Tamil,0.0,7.6,0,148 min
Together,2021,R,2021-08-27,"Comedy, Drama","Stephen Daldry, Justin Martin",Dennis Kelly,"James McAvoy, Sharon Horgan, Samuel Logan",English,59.0,6.4,204513,92 min
La Piscine,2021,0,2021-05-14,0,0,0,0,0,0.0,0.0,191996,0
Ailey,2021,PG-13,2021-07-23,"Documentary, Biography",Jamila Wignot,0,"Alvin Ailey, Judith Jamison, Samuel Lee Roberts",English,77.0,6.9,0,95 min
The Resort,2021,0,2021-07-12,Horror,Taylor Chien,Taylor Chien,"Bianca Haase, Brock O'Hurn, Michael Vlamis",English,0.0,3.0,147595,75 min
"O, What Rice! O, What Beans!",2021,0,2021-06-01,"Animation, Short",Jer Moran,Jer Moran,"Alec Bersoux, Timothy Bethel Brewer, Vincent Gagnepain",English,0.0,0.0,146329,6 min
Wolf,2021,R,2022-02-18,"Drama, Mystery, Thriller",Nathalie Biancheri,Nathalie Biancheri,"George MacKay, Lily-Rose Depp, Paddy Considine",English,52.0,6.4,145191,99 min
SAS: Red Notice,2021,R,2021-03-16,"Action, Thriller",Magnus Martens,"Laurence Malkin, Andy McNab","Sam Heughan, Ruby Rose, Andy Serkis","English, French",0.0,5.2,145174,124 min
Bergman Island,2021,R,2021-07-14,Drama,Mia Hansen-Løve,Mia Hansen-Løve,"Vicky Krieps, Tim Roth, Grace Delrue","English, French, Swedish",81.0,6.8,0,112 min
Mass,2021,PG-13,2021-10-15,Drama,Fran Kranz,Fran Kranz,"Jason Isaacs, Martha Plimpton, Ann Dowd",English,81.0,7.7,0,111 min
The Reckoning,2021,0,2021-06-04,Western,"Carlos Diaz, George Meyers, Dink Thomas","CJ Morrison, Dink Thomas, Tracy Townsend","CJ Morrison, Dink Thomas, Wally Welch",English,0.0,0.0,130934,50 min
No Man's Land,2021,0,2021-11-19,"Crime, Drama, Thriller",Jishnu Harindra Varma,Jishnu Harindra Varma,"Lukman Lukku, Sreeja Das, Sudhi Koppa",Malayalam,0.0,7.7,17530,114 min
Tadap,2021,0,2021-12-03,"Action, Drama, Romance",Milan Luthria,"Rajat Arora, Ajay Bhupathi","Ahan Shetty, Tara Sutaria, Saurabh Shukla",Hindi,0.0,5.7,0,126 min
Gaia,2021,R,2021-06-18,"Drama, Fantasy, Horror",Jaco Bouwer,Tertius Kapp,"Monique Rockman, Carel Nel, Alex van Dyk","English, Afrikaans",64.0,5.6,124772,96 min
Swan Song,2021,R,2021-12-17,"Drama, Romance, Sci-Fi",Benjamin Cleary,Benjamin Cleary,"Mahershala Ali, Naomie Harris, Awkwafina",English,66.0,6.8,120226,112 min
The Djinn,2021,R,2021-05-14,"Horror, Thriller","David Charbonier, Justin Powell","David Charbonier, Justin Powell","Ezra Dewey, Rob Brownstein, Tevy Poe","English, American Sign ",59.0,4.7,0,82 min
Walking with Herb,2021,PG,2021-04-30,Comedy,Ross Kagan Marks,Mark Medoff,"Edward James Olmos, George Lopez, Kathleen Quinlan",English,0.0,5.1,110995,110 min
The World to Come,2021,0,2021-04-15,"Short, Drama, Horror",Josh Fagen,Josh Fagen,"Steven Hobé, Andrew Johnston, Harriet Karsh",English,0.0,0.0,107798,0
Small Engine Repair,2021,R,2021-09-10,"Comedy, Drama, Thriller",John Pollono,John Pollono,"Jon Bernthal, Shea Whigham, Jordana Spiro",English,57.0,6.6,102651,102 min
The Loneliest Whale: The Search for 52,2021,PG,2021-07-09,"Documentary, Adventure",Joshua Zeman,"Lisa Schiller, Lisa Schiller, Joshua Zeman","Joshua Zeman, Joseph George, David Rosenberg",English,69.0,6.6,0,96 min
Tango Shalom,2021,PG-13,2021-10-29,"Comedy, Family",Gabriel Bologna,"Joseph Bologna, Claudio Laniado, Jos Laniado","Lainie Kazan, Renée Taylor, Philip Anthony-Rodriguez",English,0.0,6.4,98929,115 min
The Misfits,2021,R,2021-06-11,"Action, Adventure, Thriller",Renny Harlin,"Kurt Wimmer, Robert Henny","Pierce Brosnan, Tim Roth, Nick Cannon",English,25.0,4.3,95643,94 min
The Souvenir: Part II,2021,R,2022-02-04,"Drama, Romance",Joanna Hogg,Joanna Hogg,"Tilda Swinton, Honor Swinton Byrne, James Spencer Ashworth",English,90.0,7.7,90050,107 min
Safer at Home,2021,R,2021-02-26,"Crime, Drama, Thriller",Will Wernick,"Will Wernick, Lia Bozonelis, John Ierardi","Alisa Allapach, Adwin Brown, Katie L. Hall",English,35.0,4.1,8188,82 min
Censor,2021,0,2021-06-11,"Horror, Mystery",Prano Bailey-Bond,"Prano Bailey-Bond, Anthony Fletcher","Niamh Algar, Michael Smiley, Nicholas Burns",English,69.0,6.1,87059,84 min
Jockey,2021,R,2022-02-04,Drama,Clint Bentley,"Clint Bentley, Greg Kwedar","Clifton Collins Jr., Moises Arias, Molly Parker",English,77.0,6.7,0,94 min
Mission Stories,2021,0,2021-05-07,Drama,Bryce Clark,"Bryce Clark, Crystal Myler","Joel Bishop, Louis Boakye, Charley Boon",English,0.0,7.8,0,110 min
On Broadway,2021,0,2021-03-19,Musical,Zachary James,0,"Zachary James, Charity Wicks",English,0.0,0.0,76650,0
Undine,2021,0,2021-07-24,"Animation, Short, Music",Sjaron Minailo,"Michaël Brijs, Stefanie Janssen, Sjaron Minailo","Michaël Brijs, Stefanie Janssen",English,0.0,0.0,73257,30 min
In Balanchine's Classroom,2021,0,2021-09-17,Documentary,Connie Hochman,0,"Merrill Ashley, George Balanchine, Jacques d'Amboise",English,0.0,7.1,93579,89 min
Language Lessons,2021,0,2021-09-10,"Comedy, Drama",Natalie Morales,"Mark Duplass, Natalie Morales","Mark Duplass, Natalie Morales, Desean Terry","English, Spanish",68.0,7.1,0,91 min
CatVideoFest 2021,2021,0,2021-07-23,0,0,0,0,0,0.0,0.0,71334,0
Summertime Dropouts,2021,0,2021-10-26,"Comedy, Family",Jhene Chase,"Jhene Chase, Hannah Maslinski, Hamid Torabpour","Quinton Aaron, Nick Podany, Josh Richards",English,0.0,0.0,62376,0
Demonic,2021,R,2021-08-20,"Drama, Horror, Sci-Fi",Neill Blomkamp,Neill Blomkamp,"Carly Pope, Chris William Martin, Michael J Rogers",English,36.0,4.2,0,104 min
The First Wave,2021,R,2021-11-26,"Documentary, History",Matthew Heineman,0,Nathalie Douge,English,85.0,6.9,61030,93 min
Dreams Come True,2021,0,2021-07-12,"Short, Music",Belinda Elkaim,0,0,English,0.0,0.0,60389,0
Lansky,2021,R,2021-06-25,"Biography, Crime, Drama",Eytan Rockaway,"Eytan Rockaway, Robert Rockaway","Harvey Keitel, Sam Worthington, John Magaro",English,45.0,6.3,55333,119 min
Kurt Vonnegut: Unstuck in Time,2021,Not Rated,2021-11-11,Documentary,"Robert B. Weide, Don Argott",Robert B. Weide,"Linda Bates, Jerome Klinkowitz, Sidney Offit",English,64.0,8.0,55068,127 min
Without Getting Killed or Caught,2021,0,2021-03-16,Documentary,"Tamara Saviano, Paul Whitfield","Bart Knaggs, Tamara Saviano","Jo Harvey Allen, Terry Allen, Guy Clark",English,0.0,7.8,55121,95 min
Son,2021,Not Rated,2021-03-05,"Horror, Thriller",Ivan Kavanagh,Ivan Kavanagh,"Andi Matichak, Emile Hirsch, Luke David Blumm",English,54.0,5.6,0,98 min
Christmas vs. The Walters,2021,PG-13,2021-11-26,"Comedy, Drama, Family",Peter A. D'Amato,"Peter A. D'Amato, Ante Novakovic","Shawnee Smith, Dean Winters, Chris Elliott",English,0.0,4.0,53932,102 min
Harry Truman,2021,0,2021-03-01,0,0,0,Richard Pious,English,0.0,0.0,0,0
Azor,2021,0,2021-09-10,"Drama, Thriller",Andreas Fontana,"Andreas Fontana, Mariano Llinás","Fabrizio Rongione, Stéphanie Cléau, Carmen Iriondo","French, Spanish, English",88.0,6.7,52656,100 min
EMA,2021,0,2021-02-27,Music,0,0,"Lea Sirk, Ana Soklic",Slovenian,0.0,0.0,49347,0
Memoria,2021,PG,2021-09-30,"Drama, Sci-Fi",Apichatpong Weerasethakul,Apichatpong Weerasethakul,"Tilda Swinton, Elkin Díaz, Jeanne Balibar","English, Spanish",91.0,6.7,48144,136 min
France,2021,Unrated,2021-12-10,"Comedy, Drama",Bruno Dumont,Bruno Dumont,"Léa Seydoux, Blanche Gardin, Benjamin Biolay","German, English, French",57.0,5.9,44736,133 min
Last Call,2021,R,2021-03-19,Comedy,Paolo Pilladi,"Greg Lingo, Michael Baughan, Billy Reilly","Jeremy Piven, Taryn Manning, Zach McGowan",English,0.0,4.1,39199,102 min
Death Rider in the House of Vampires,2021,Not Rated,2021-08-27,"Horror, Western",Glenn Danzig,Glenn Danzig,"Devon Sawa, Julian Sands, Kim Director",English,0.0,4.4,42068,92 min
The Scary of Sixty-First,2021,Unrated,2021-12-24,"Comedy, Horror, Mystery",Dasha Nekrasova,"Dasha Nekrasova, Madeline Quinn","Madeline Quinn, Betsey Brown, Stephen Gurewitz",English,49.0,5.2,41598,81 min
Old Henry,2021,0,2021-10-01,"Thriller, Western",Potsy Ponciroli,Potsy Ponciroli,"Tim Blake Nelson, Scott Haze, Gavin Lewis","English, Spanish",69.0,7.3,39948,99 min
Senior Moment,2021,0,2021-03-26,"Comedy, Drama, Romance",Giorgio Serafini,"Kurt Brungardt, Christopher Momenee","William Shatner, Jean Smart, Don McManus",English,41.0,6.1,37266,92 min
Luzzu,2021,0,2022-01-05,Drama,Alex Camilleri,Alex Camilleri,"Filip Sertic, Jesmark Scicluna, Frida Cauchi","Maltese, English",79.0,7.0,37000,94 min
"All Light, Everywhere",2021,Unrated,2021-06-04,Documentary,Theo Anthony,0,"Theo Anthony, Keaver Brenai, Robert Cunniff",English,76.0,6.9,33765,105 min
Heart of Champions,2021,PG-13,2021-10-29,"Drama, Sport",Michael Mailer,Vojin Gjaja,"Michael Shannon, Alexander Ludwig, Charles Melton",English,0.0,5.6,0,119 min
Cryptozoo,2021,0,2021-08-20,Animation,Dash Shaw,Dash Shaw,"Lake Bell, Michael Cera, Emily Davis",English,74.0,6.5,0,95 min
Confetti,2021,0,2021-01-04,"Short, Drama",Zander Padget,Zander Padget,"Kiley A. Rothweiler, Katherine Wallach",English,0.0,0.0,32934,0
Bloody Hell: A Rock-Zoo-Mentary,2021,0,2021-07-11,"Short, Comedy",Shane Brady,Shane Brady,"Sean Akyildiz, Jeancarlos Bello, Kimberly Blake",English,0.0,0.0,32124,0
The God Committee,2021,0,2021-07-02,Drama,Austin Stark,"Austin Stark, Mark St. Germain","Kelsey Grammer, Julia Stiles, Colman Domingo",English,48.0,5.8,0,98 min
Yakuza Princess,2021,R,2021-10-07,Thriller,Vicente Amorim,"Danilo Beyruth, Fernando Toste, Kimi Lee","MASUMI, Jonathan Rhys Meyers, Tsuyoshi Ihara","Japanese, English, Portuguese",34.0,4.5,30520,111 min
Monday,2021,0,2021-10-18,"Short, Drama",Paul Hanna,"Nicholas Denton-Cheng, Paul Hanna","Maya T. Weed, Thomas Baker",English,0.0,0.0,29262,4 min
The Beta Test,2021,Unrated,2021-10-15,"Comedy, Horror, Thriller","Jim Cummings, PJ McCabe","Jim Cummings, PJ McCabe","Jim Cummings, Virginia Newcomb, PJ McCabe",English,72.0,6.1,29183,93 min
The Perfect Candidate,2021,0,2021-09-04,Documentary,0,0,0,Tagalog,0.0,0.0,0,0
Trigger Point,2021,Not Rated,2021-04-16,"Action, Mystery, Thriller",Brad Turner,Michael Vickerman,"Barry Pepper, Colm Feore, Eve Harlow",English,0.0,4.9,27744,85 min
Settlers,2021,Not Rated,2021-07-23,"Drama, Sci-Fi, Thriller",Wyatt Rockefeller,Wyatt Rockefeller,"Sofia Boutella, Ismael Cruz Cordova, Brooklynn Prince",English,56.0,4.7,27588,103 min
Prisoners of the Ghostland,2021,0,2021-09-17,"Action, Fantasy, Sci-Fi",Sion Sono,"Aaron Hendry, Reza Sixo Safai","Nicolas Cage, Sofia Boutella, Nick Cassavetes","English, Japanese, Mandarin, French",53.0,4.2,0,103 min
"Ma Belle, My Beauty",2021,0,2021-08-20,"Drama, Romance",Marion Hill,Marion Hill,"Idella Johnson, Hannah Pepper, Lucien Guignard","English, French",65.0,5.5,25386,93 min
Jakob's Wife,2021,Not Rated,2021-04-16,Horror,Travis Stevens,"Mark Steensland, Kathy Charles, Travis Stevens","Barbara Crampton, Larry Fessenden, Bonnie Aarons",English,59.0,5.5,24322,98 min
Our Ladies of Brooklyn,2021,0,,"Comedy, Drama",0,0,"Em Haine, Bella Ortiz, Caitlin Kinnunen",0,0.0,0.0,0,0
The Night,2021,0,2021-09-01,"Documentary, Short",Ming-liang Tsai,Ming-liang Tsai,0,0,0.0,0.0,21515,19 min
John and the Hole,2021,R,2021-08-06,"Drama, Horror, Thriller",Pascual Sisto,Nicolás Giacobone,"Charlie Shotwell, Michael C. Hall, Jennifer Ehle",English,61.0,5.4,20507,103 min
The Novice,2021,R,2021-12-17,"Drama, Thriller",Lauren Hadaway,Lauren Hadaway,"Isabelle Fuhrman, Amy Forsyth, Dilone",English,85.0,6.5,20268,94 min
Gully Rowdy,2021,0,2021-09-17,Comedy,G. Nageswara Reddy,"Bhanu Bhogavarapu, Kona Venkat, Nandu R.K.","Harsha Chemudu, Sundeep Kishan, Vennela Kishore",Telugu,0.0,5.9,17316,143 min
Dating & New York,2021,PG-13,2021-09-30,Comedy,Jonah Feingold,Jonah Feingold,"Eva Victor, Jerry Ferrara, Jaboukie Young-White",English,42.0,5.1,17200,91 min
Writing with Fire,2021,Not Rated,2021-10-20,Documentary,"Sushmit Ghosh, Rintu Thomas",0,"Meera Devi, Shyamkali Devi, Suneeta Prajapati",Hindi,83.0,7.9,16104,92 min
Harper,2021,0,2021-12-14,Drama,Kate Bohan,"Kate Bohan, Jiamin Qiu","Kayla Bohan, Gina Vitori, Carly Sullivan",English,0.0,8.1,15974,104 min
Mystery of the Kingdom of God,2021,0,2021-03-26,"Animation, Family",Adam Smit,"Jenny Chen, Adam Smit",Adam Smit,English,0.0,2.3,15750,91 min
Ascension,2021,0,2021-11-15,Documentary,Jessica Kingdon,0,0,Mandarin,82.0,7.2,15671,97 min
How It Ends,2021,R,2021-07-20,Comedy,"Zoe Lister-Jones, Daryl Wein","Daryl Wein, Zoe Lister-Jones","Zoe Lister-Jones, Cailee Spaeny, Whitney Cummings",English,57.0,5.1,0,82 min
First Date,2021,Not Rated,2021-07-02,"Comedy, Crime, Mystery","Manuel Crosby, Darren Knapp","Manuel Crosby, Darren Knapp","Tyson Brown, Shelby Duclos, Jesse Janzen",English,52.0,5.3,0,103 min
The Laws of the Universe: The Age of Elohim,2021,PG,2021-10-22,Animation,Isamu Imakake,"Ryuho Okawa, Sayaka Okawa","Satomi Arai, Miki Itô, Kane Jungbluth-Murry",Japanese,0.0,0.0,15063,119 min
Even in Dreams,2021,PG,2021-08-06,Family,Savannah Ostler,Savannah Ostler,"Alison Arngrim, Eric Osmond, Adrian R'Mante",English,0.0,8.3,14000,120 min
No Ordinary Man,2021,0,2021-05-01,"Short, Crime","Raheeb Ray Ahmad, Amrith Lal","Raheeb Ray Ahmad, Lucas Eisele","Thaer Al-Shayei, Lisa Gealy, Omar Ragab, Shabana Haroon",English,0.0,0.0,13760,0
Best Sellers,2021,0,2021-09-17,"Comedy, Drama",Lina Roessler,Anthony Grieco,"Michael Caine, Aubrey Plaza, Scott Speedman",English,54.0,6.2,0,102 min
We Broke Up,2021,0,2021-04-23,"Comedy, Drama",Jeff Rosenberg,"Jeff Rosenberg, Laura Jacqmin","Aya Cash, William Jackson Harper, Sarah Bolger",English,53.0,4.9,13589,80 min
American Traitor: The Trial of Axis Sally,2021,R,2021-05-28,Drama,Michael Polish,"William E. Owen, Vance Owen, Darryl Hicks","Meadow Williams, Al Pacino, Carsten Norgaard",English,25.0,5.6,13375,109 min
Secret Agent Dingledorf and His Trusty Dog Splat,2021,PG,2021-07-23,"Comedy, Family",Billy Dickson,Bill Myers,"Zackary Arthur, Paul Johansson, Jason Dolley",English,0.0,5.0,0,89 min
Hive,2021,0,2021-11-26,Drama,Blerta Basholli,Blerta Basholli,"Yllka Gashi, Çun Lajçi, Aurita Agushi",Albanian,71.0,7.3,13028,84 min
We Need to Do Something,2021,Unrated,2021-09-03,"Horror, Mystery",Sean King O'Grady,Max Booth III,"Sierra McCormick, Vinessa Shaw, Pat Healy",English,48.0,4.5,0,97 min
Bring Your Own Brigade,2021,R,2021-08-20,Documentary,Lucy Walker,"Katherine Montgomery, Lucy Walker","Trina Cunningham, Mike Davis, Don Hankins",English,81.0,7.3,12245,119 min
Stray,2021,0,2021-05-13,"Short, Drama",Niall Gavigan,Fhinn McClure,"Jamie Duffy, Bartek Jedras",English,0.0,0.0,0,13 min
Storm Lake,2021,0,2021-06-02,Documentary,"Beth Levison, Jerry Risius",0,"Jill Biden, Pete Buttigieg, Julian Castro",English,0.0,0.0,10450,85 min
Lorelei,2021,0,2021-09-07,"Short, Fantasy, Thriller",Lars Janssen,"Lars Janssen, Charlotte Dawn Potter","Charlotte Dawn Potter, Martin Doran, Jorge Amorim",English,0.0,0.0,0,12 min
The Year of the Everlasting Storm,2021,0,2021-09-09,Mystery,"Anthony Chen, David Lowery, Jafar Panahi","Anthony Chen, David Lowery, Jafar Panahi","Yay Yay Bobby Jones, Catherine Machovsky, Yu Zhang","Persian, Chinese, English, Spanish, Thai",72.0,5.8,0,115 min
"Glam, Sweat & Tears",2021,0,2021-06-07,"Documentary, Music",Jovan Radomir,0,"Tomas Ericsson, Eddie Eriksson, Hans Fogelberg","English, Swedish",0.0,6.7,9176,0
Sabaya,2021,0,2021-07-30,Documentary,Hogir Hirori,Hogir Hirori,0,"Kurdish, Arabic",86.0,7.2,8316,90 min
La Petite fille aux larmes de sel,2021,0,,Short,Alannah Carrot,0,Olivia Devlo,0,0.0,0.0,0,0
All the Streets Are Silent: The Convergence of Hip Hop and Skateboarding (1987-1997),2021,0,2021-07-23,Documentary,Jeremy Elkin,"Dana Brown, Jeremy Elkin","Stretch Armstrong, Peter Bici, Mike Carroll",English,60.0,7.2,0,89 min
Average Joe,2021,Not Rated,2021-01-08,"Action, Comedy",Mark Cantu,Mark Cantu,"Camden Toy, Jason Sedillo, Caitlin Rose Williams",English,0.0,2.6,6887,87 min
The Feast,2021,0,2022-04-29,"Drama, Horror, Mystery",Lee Haven Jones,Roger Williams,"Annes Elwy, Nia Roberts, Julian Lewis Jones",Welsh,68.0,5.4,5824,93 min
El Planeta,2021,0,2021-10-08,Comedy,Amalia Ulman,Amalia Ulman,"Ale Ulman, Amalia Ulman, Nacho Vigalondo",Spanish,76.0,6.5,0,79 min
Final Frequency,2021,0,2021-04-30,"Short, Mystery",Richard Baptiste,Richard Baptiste,"Emma Elliott, James Owens, Jeana Varney",English,0.0,0.0,5497,0
The Boonies,2021,0,2021-04-13,Horror,Lance Parkin,"Lance Parkin, Matt Schultz","Daniel Johnson, James Quinn, Rick Dutrow",English,0.0,2.7,0,97 min
She Professed Herself Pupil of the Wise Man,2021,0,,"Animation, Adventure, Fantasy",0,0,"Brianna Roberts, Ayumu Murase, Hinata Minami",Japanese,0.0,0.0,0,0
Dark State,2021,0,2021-03-19,"Crime, Drama, Mystery",Tracy Lucca,Tracy Lucca,"Nicholas Baroudi, Melissa Connell, Antoni Corone",English,0.0,3.5,4382,93 min
"Here, After",2021,0,2021-05-06,Short,Kate Sakamoto,Kate Sakamoto,"Margaret Brock, Carole Miles, Soli Reid",English,0.0,0.0,0,0
Rock Paper Scissors,2021,0,2021-07-20,Comedy,"Jayme Laforest, Richard Yearwood",Jayme Laforest,"Vahe Sevani, Jeremy Dozier, Kristopher Maz",English,0.0,4.8,3050,95 min
Toutes les deux,2021,0,2021-10-03,"Comedy, Romance",Noël Mitrani,Noël Mitrani,"Veronika Leclerc Strickland, Mélanie Elliott, Vitali Makarov",French,0.0,0.0,0,90 min
Blood Brothers: Malcolm X & Muhammad Ali,2021,PG-13,2021-09-09,"Documentary, Biography, History",Marcus A. Clarke,"Randy Roberts, Johnny Smith","Ilyasah Shabazz, Rahman Ali, Cornel West",English,69.0,6.8,2839,95 min
Mayday,2021,0,2021-10-01,"Drama, Fantasy, Mystery",Karen Cinorre,Karen Cinorre,"Grace Van Patten, Mia Goth, Soko",English,45.0,4.0,3550,100 min
No Place,2021,0,2021-03-12,"Short, Mystery",Eric Maurer,Eric Maurer,0,None,0.0,0.0,2238,7 min
Naked Singularity,2021,R,2021-08-13,"Comedy, Crime, Drama",Chase Palmer,"Chase Palmer, David Matthews, Sergio De La Pava","John Boyega, Olivia Cooke, Bill Skarsgård",English,36.0,4.6,2113,93 min
Project Space 13,2021,0,2021-12-03,Comedy,Michael M. Bilandic,0,"Theodore Bouloukos, Jason Grisell, Keith Poulson",English,0.0,0.0,1616,0
The Village Detective: a song cycle,2021,0,2021-09-05,Documentary,Bill Morrison,Bill Morrison,Mikhail Zharov,"English, Icelandic, Russian",0.0,0.0,1096,81 min
Below the Fold,2021,0,2021-11-23,"Drama, Mystery, Thriller",Clayton Scott,Clayton Scott,"Davis DeRock, Sarah McGuire, Jamie Addison",English,0.0,4.1,462,92 min
A Glitch in the Matrix,2021,Not Rated,2021-02-05,Documentary,Rodney Ascher,Rodney Ascher,"Nick Bostrom, Joshua Cooke, Erik Davis",English,62.0,5.3,880,108 min
Agnes,2021,0,2021-12-10,"Drama, Horror",Mickey Reece,"Mickey Reece, John Selvidge","Molly C. Quinn, Sean Gunn, Chris Sullivan",English,65.0,4.1,0,93 min
Crack House of the Dead,2021,R,2021-06-18,"Action, Horror",Jason Toler,Jason Toler,"Levi Bowling, Steve Crest, Marcus Hanftaler",English,0.0,0.0,0,86 min
Operation Portugal,2021,0,2021-11-02,Comedy,Frank Cimière,0,"D'Jal, Sarah Perles, Pierre Azéma",French,0.0,4.2,0,95 min
Mickey Mouse Funhouse,2021,TV-G,2021-07-16,"Animation, Short, Adventure",0,0,"Bret Iwan, Kaitlyn Robrock, Tony Anselmo",English,0.0,5.8,0,0
Descarrilados,2021,R,2021-08-20,Comedy,Fer García-Ruiz,David Marqués,"Julián López, Ernesto Sevilla, Arturo Valls",Spanish,0.0,0.0,0,98 min
First Signal,2021,0,2021-04-26,"Drama, History, Sci-Fi",Mark Lund,Mark Lund,"Paul Noonan, Conor Timmis, Wendy Hartman",English,0.0,6.8,0,102 min
Scream,2022,R,2022-01-14,"Horror, Mystery, Thriller","Matt Bettinelli-Olpin, Tyler Gillett","James Vanderbilt, Guy Busick, Kevin Williamson","Neve Campbell, Courteney Cox, David Arquette",English,60.0,7.0,74568594,114 min
Uncharted,2022,PG-13,2022-02-18,"Action, Adventure",Ruben Fleischer,"Rafe Judkins, Art Marcum, Matt Holloway","Tom Holland, Mark Wahlberg, Antonio Banderas",English,42.0,6.9,0,116 min
Jackass Forever,2022,R,2022-02-04,"Documentary, Action, Comedy",Jeff Tremaine,"Jason 'Wee Man' Acuña, Eric André, Derrick Beckles","Johnny Knoxville, Steve-O, Chris Pontius",English,74.0,7.6,41543627,96 min
Death on the Nile,2022,PG-13,2022-02-11,"Crime, Drama, Mystery",Kenneth Branagh,"Michael Green, Agatha Christie","Tom Bateman, Annette Bening, Kenneth Branagh",English,53.0,6.7,12800000,127 min
Dog,2022,0,,Thriller,0,0,"Devin Montgomery, Brandon L. Smith",English,0.0,0.0,15153549,0
Moonfall,2022,PG-13,2022-02-04,"Action, Adventure, Sci-Fi",Roland Emmerich,"Roland Emmerich, Harald Kloser, Spenser Cohen","Halle Berry, Patrick Wilson, John Bradley","English, Chinese",41.0,5.3,13122665,130 min
Marry Me,2022,PG-13,2022-02-11,"Comedy, Music, Romance",Kat Coiro,"John Rogers, Tami Sagher, Harper Dill","Jennifer Lopez, Owen Wilson, Maluma",English,50.0,6.2,14427585,112 min
The 355,2022,PG-13,2022-01-07,"Action, Thriller",Simon Kinberg,"Theresa Rebeck, Simon Kinberg","Jessica Chastain, Penélope Cruz, Bingbing Fan","English, Chinese, Spanish, French, German, Arabic",40.0,5.0,4400380,122 min
Redeeming Love,2022,PG-13,2022-01-21,"Drama, History, Romance",D.J. Caruso,"Francine Rivers, D.J. Caruso","Abigail Cowen, Tom Lewis, Famke Janssen",English,32.0,6.9,0,134 min
Blacklight,2022,PG-13,2022-02-11,"Action, Thriller",Mark Williams,"Nick May, Mark Williams, Brandon Reavis","Liam Neeson, Aidan Quinn, Taylor John Smith",English,0.0,0.0,1471504,108 min
The King's Daughter,2022,PG,2022-01-21,"Action, Adventure, Family",Sean McNamara,"Barry Berman, James Schamus, Vonda N. McIntyre","Pierce Brosnan, Kaya Scodelario, William Hurt",English,30.0,5.1,391252,90 min
The Beatles: Get Back - The Rooftop Concert,2022,PG-13,2022-01-30,Music,Peter Jackson,0,"The Beatles, George Harrison, John Lennon",English,0.0,0.0,793669,65 min
The Tiger Rising,2022,PG,2022-02-03,Family,Ray Giarratana,"Kate DiCamillo, Ray Giarratana","Dennis Quaid, Katharine McPhee, Queen Latifah",English,33.0,5.8,0,102 min
Bone Clean,2022,0,,"Short, Drama",Katy Maudlin,Morgan Rose,"Keegan Joyce, Gemma Bird Matheson",English,0.0,0.0,0,0
Sparks - The Ken Sparks Story,2022,0,2022-01-07,Biography,Jeff Joslin,Ciera Danielle,"Chad Sparks, Chanda Childress, Jeff Joslin",English,0.0,0.0,0,88 min
Found Wandering Lost,2022,0,2022-01-25,"Drama, Thriller",Nicholaus James,"Nicholaus James, James Thomas","Eric Bowles, Dylan Brown, Jessi Burkette",0,0.0,5.8,0,99 min
