,Unnamed: 0,Title,Year,Rated,Released,Runtime,Genre,Director,Writer,Actors,Language,Metascore,imdbRating,BoxOffice,Production
0,0,Spider-Man: No Way Home,2021,PG-13,17 Dec 2021,148 min,"Action, Adventure, Fantasy",Jon Watts,"Chris McKenna, Erik Sommers, Stan Lee","Tom Holland, Zendaya, Benedict Cumberbatch",English,71.0,8.7,"$720,891,602",0
1,1,Shang-Chi and the Legend of the Ten Rings,2021,PG-13,03 Sep 2021,132 min,"Action, Adventure, Fantasy",Destin Daniel Cretton,"Dave Callaham, Destin Daniel Cretton, Andrew Lanham","Simu Liu, Awkwafina, Tony Chiu-Wai Leung","English, Mandarin",71.0,7.5,"$224,543,292",0
2,2,Venom: Let There Be Carnage,2021,PG-13,01 Oct 2021,97 min,"Action, Adventure, Sci-Fi",Andy Serkis,"Kelly Marcel, Tom Hardy","Tom Hardy, Woody Harrelson, Michelle Williams",English,49.0,6.0,"$213,550,366",0
3,3,Black Widow,2021,PG-13,09 Jul 2021,134 min,"Action, Adventure, Sci-Fi",Cate Shortland,"Eric Pearson, Jac Schaeffer, Ned Benson","Scarlett Johansson, Florence Pugh, David Harbour","English, Russian, Norwegian, Hungarian, Macedonian, Finnish",67.0,6.7,"$183,651,655",0
4,4,F9: The Fast Saga,2021,PG-13,25 Jun 2021,143 min,"Action, Crime, Thriller",Justin Lin,"Daniel Casey, Justin Lin, Alfredo Botello","Vin Diesel, Michelle Rodriguez, Jordana Brewster",English,58.0,5.2,"$173,005,945",0
5,5,Eternals,2021,PG-13,05 Nov 2021,156 min,"Action, Adventure, Fantasy",Chloé Zhao,"Chloé Zhao, Patrick Burleigh, Ryan Firpo","Gemma Chan, Richard Madden, Angelina Jolie","English, American Sign , Marathi, Spanish, Sumerian, Latin, Greek, Ancient (to 1453)",52.0,6.4,"$164,870,234",0
6,6,No Time to Die,2021,PG-13,08 Oct 2021,163 min,"Action, Adventure, Thriller",Cary Joji Fukunaga,"Neal Purvis, Robert Wade, Cary Joji Fukunaga","Daniel Craig, Ana de Armas, Rami Malek","English, French, Italian, Russian, Spanish, German",68.0,7.3,"$160,891,007",0
7,7,Sing 2,2021,PG,22 Dec 2021,110 min,"Animation, Adventure, Comedy",Garth Jennings,Garth Jennings,"Matthew McConaughey, Reese Witherspoon, Scarlett Johansson",English,49.0,7.6,"$129,708,860",0
8,8,Ghostbusters: Afterlife,2021,PG-13,19 Nov 2021,124 min,"Adventure, Comedy, Fantasy",Jason Reitman,"Gil Kenan, Jason Reitman, Dan Aykroyd","Carrie Coon, Paul Rudd, Finn Wolfhard",English,45.0,7.2,"$128,885,266",0
9,9,Free Guy,2021,PG-13,13 Aug 2021,115 min,"Action, Adventure, Comedy",Shawn Levy,"Matt Lieberman, Zak Penn","Ryan Reynolds, Jodie Comer, Taika Waititi","English, Japanese, German",62.0,7.2,"$121,626,598",0
10,10,Jungle Cruise,2021,PG-13,30 Jul 2021,127 min,"Action, Adventure, Comedy",Jaume Collet-Serra,"Michael Green, Glenn Ficarra, John Requa","Dwayne Johnson, Emily Blunt, Edgar Ramírez","English, German, Spanish, Italian, Tupi, French, Portuguese, Latin",50.0,6.6,"$116,987,516",0
11,11,Dune,2021,PG-13,22 Oct 2021,155 min,"Action, Adventure, Drama",Denis Villeneuve,"Jon Spaihts, Denis Villeneuve, Eric Roth","Timothée Chalamet, Rebecca Ferguson, Zendaya","English, Mandarin",74.0,8.1,"$107,868,493",0
12,12,Godzilla vs. Kong,2021,PG-13,31 Mar 2021,113 min,"Action, Sci-Fi, Thriller",Adam Wingard,"Terry Rossio, Michael Dougherty, Zach Shields","Alexander Skarsgård, Millie Bobby Brown, Rebecca Hall","English, American Sign ",59.0,6.4,"$100,563,133",0
13,13,Encanto,2021,PG,24 Nov 2021,102 min,"Animation, Adventure, Comedy","Jared Bush, Byron Howard, Charise Castro Smith","Charise Castro Smith, Jared Bush, Byron Howard","Stephanie Beatriz, María Cecilia Botero, John Leguizamo","English, Spanish",76.0,7.3,"$93,465,570",Disney
14,14,Halloween Kills,2021,R,15 Oct 2021,105 min,"Horror, Thriller",David Gordon Green,"John Carpenter, Debra Hill, Scott Teems","Jamie Lee Curtis, Judy Greer, Andi Matichak",English,42.0,5.6,"$92,002,155",0
15,15,Cruella,2021,PG-13,28 May 2021,134 min,"Adventure, Comedy, Crime",Craig Gillespie,"Dana Fox, Tony McNamara, Aline Brosh McKenna","Emma Stone, Emma Thompson, Joel Fry","English, French",59.0,7.4,"$86,103,234",0
16,16,Space Jam: A New Legacy,2021,PG,15 Jul 2021,115 min,"Animation, Adventure, Comedy",Malcolm D. Lee,"Leo Benvenuti, Steve Rudnick, Timothy Harris","LeBron James, Don Cheadle, Cedric Joe",English,36.0,4.4,"$70,528,072",0
17,17,The Conjuring: The Devil Made Me Do It,2021,R,04 Jun 2021,112 min,"Horror, Mystery, Thriller",Michael Chaves,"David Leslie Johnson-McGoldrick, James Wan, Chad Hayes","Patrick Wilson, Vera Farmiga, Ruairi O'Connor","English, Latin",53.0,6.3,"$65,631,050",0
18,18,Candyman,2021,R,27 Aug 2021,91 min,"Horror, Thriller",Nia DaCosta,"Jordan Peele, Win Rosenfeld, Nia DaCosta","Yahya Abdul-Mateen II, Teyonah Parris, Nathan Stewart-Jarrett","English, French",72.0,5.9,"$61,186,570",0
19,19,The Boss Baby: Family Business,2021,PG,02 Jul 2021,107 min,"Animation, Adventure, Comedy",Tom McGrath,"Marla Frazee, Tom McGrath, Michael McCullers","Alec Baldwin, James Marsden, Amy Sedaris","English, French, Spanish, German, Japanese, Russian, Hindi, Korean",39.0,5.9,"$57,300,280",0
20,20,The Addams Family 2,2021,PG,01 Oct 2021,93 min,"Animation, Adventure, Comedy","Greg Tiernan, Conrad Vernon, Laura Brousseau","Dan Hernandez, Benji Samit, Ben Queen","Oscar Isaac, Charlize Theron, Chloë Grace Moretz","English, Spanish, Latin",37.0,5.4,"$56,489,153",0
21,21,The Suicide Squad,2021,R,05 Aug 2021,132 min,"Action, Adventure, Comedy",James Gunn,James Gunn,"Margot Robbie, Idris Elba, John Cena",English,72.0,7.2,"$55,817,425",0
22,22,Raya and the Last Dragon,2021,PG,05 Mar 2021,107 min,"Animation, Action, Adventure","Don Hall, Carlos López Estrada, John Ripa","Qui Nguyen, Adele Lim, Paul Briggs","Kelly Marie Tran, Awkwafina, Gemma Chan",English,75.0,7.3,"$54,723,032",0
23,23,House of Gucci,2021,R,24 Nov 2021,158 min,"Crime, Drama",Ridley Scott,"Becky Johnston, Roberto Bentivegna, Sara Gay Forden","Lady Gaga, Adam Driver, Al Pacino","English, Italian, Arabic, French, Japanese",59.0,6.9,"$53,667,485",0
24,24,Clifford the Big Red Dog,2021,PG,10 Nov 2021,96 min,"Adventure, Comedy, Family",Walt Becker,"Jay Scherick, David Ronn, Blaise Hemingway","Darby Camp, Jack Whitehall, Izaac Wang","English, Spanish, Russian, Mandarin",55.0,6.0,"$48,947,356",0
25,25,Old,2021,PG-13,23 Jul 2021,108 min,"Drama, Horror, Mystery",M. Night Shyamalan,"M. Night Shyamalan, Pierre-Oscar Lévy, Frederik Peeters","Gael García Bernal, Vicky Krieps, Rufus Sewell",English,55.0,5.8,"$48,242,510",0
26,26,Tom and Jerry,2021,PG,26 Feb 2021,101 min,"Animation, Adventure, Comedy",Tim Story,"William Hanna, Joseph Barbera, Kevin Costello","Chloë Grace Moretz, Michael Peña, Colin Jost",English,32.0,5.3,"$46,536,687",0
27,27,The Forever Purge,2021,R,02 Jul 2021,103 min,"Action, Horror, Thriller",Everardo Gout,James DeMonaco,"Ana de la Reguera, Tenoch Huerta, Josh Lucas","English, Spanish",53.0,5.4,"$44,539,245",0
28,28,Mortal Kombat,2021,R,23 Apr 2021,110 min,"Action, Adventure, Fantasy",Simon McQuoid,"Greg Russo, Dave Callaham, Oren Uziel","Lewis Tan, Jessica McNamee, Josh Lawson","English, Japanese, Chinese",44.0,6.1,"$42,326,031",0
29,29,Peter Rabbit 2: The Runaway,2021,PG,11 Jun 2021,93 min,"Animation, Adventure, Comedy",Will Gluck,"Will Gluck, Patrick Burleigh, Beatrix Potter","Rose Byrne, Domhnall Gleeson, David Oyelowo",English,43.0,6.2,"$40,501,717",0
30,30,PAW Patrol: The Movie,2021,G,20 Aug 2021,86 min,"Animation, Action, Adventure",Cal Brunker,"Billy Frolick, Cal Brunker, Bob Barlen","Tyler Perry, Ron Pardo, Will Brisbin",English,50.0,6.2,"$40,127,371",0
31,31,West Side Story,2021,PG-13,10 Dec 2021,156 min,"Crime, Drama, Musical",Steven Spielberg,"Tony Kushner, Arthur Laurents","Ansel Elgort, Rachel Zegler, Ariana DeBose","English, Spanish",85.0,7.8,"$37,200,196",0
32,32,The Matrix Resurrections,2021,R,22 Dec 2021,148 min,"Action, Sci-Fi",Lana Wachowski,"Lana Wachowski, David Mitchell, Aleksandar Hemon","Keanu Reeves, Carrie-Anne Moss, Yahya Abdul-Mateen II","English, French, Spanish, Japanese",63.0,5.7,"$36,645,917",0
33,33,The King's Man,2021,R,22 Dec 2021,131 min,"Action, Adventure, Thriller",Matthew Vaughn,"Matthew Vaughn, Karl Gajdusek, Mark Millar","Ralph Fiennes, Gemma Arterton, Rhys Ifans","English, Latin, German, French, Russian",44.0,6.4,"$37,087,956",0
34,34,In the Heights,2021,PG-13,11 Jun 2021,143 min,"Drama, Musical, Romance",Jon M. Chu,"Quiara Alegría Hudes, Lin-Manuel Miranda","Anthony Ramos, Corey Hawkins, Leslie Grace","English, Spanish",84.0,7.3,"$29,975,167",0
35,35,Nobody,2021,R,26 Mar 2021,92 min,"Action, Crime, Drama",Ilya Naishuller,Derek Kolstad,"Bob Odenkirk, Aleksey Serebryakov, Connie Nielsen","English, Russian, Spanish",64.0,7.4,"$27,268,035",0
36,36,Wrath of Man,2021,R,07 May 2021,119 min,"Action, Crime, Thriller",Guy Ritchie,"Nicolas Boukhrief, Éric Besnard, Guy Ritchie","Jason Statham, Holt McCallany, Josh Hartnett",English,57.0,7.1,"$27,466,489",0
37,37,Escape Room: Tournament of Champions,2021,PG-13,16 Jul 2021,88 min,"Action, Adventure, Horror",Adam Robitel,"Will Honley, Maria Melnik, Daniel Tuch","Taylor Russell, Logan Miller, Deborah Ann Woll",English,48.0,5.8,"$25,314,753",0
38,38,Respect,2021,PG-13,13 Aug 2021,145 min,"Biography, Drama, Music",Liesl Tommy,"Tracey Scott Wilson, Callie Khouri","Jennifer Hudson, Forest Whitaker, Marlon Wayans",English,61.0,6.6,"$24,278,399",0
39,39,Spiral,2021,R,14 May 2021,93 min,"Crime, Drama, Horror",Darren Lynn Bousman,"Josh Stolberg, Pete Goldfinger","Chris Rock, Samuel L. Jackson, Max Minghella",English,40.0,5.3,"$23,216,862",0
40,40,Ron's Gone Wrong,2021,PG,22 Oct 2021,107 min,"Animation, Adventure, Comedy","Sarah Smith, Jean-Philippe Vine, Octavio E. Rodriguez","Peter Baynham, Sarah Smith","Jack Dylan Grazer, Zach Galifianakis, Ed Helms",English,65.0,7.1,"$23,009,270",0
41,41,Spirit Untamed,2021,PG,04 Jun 2021,88 min,"Animation, Adventure, Comedy","Elaine Bogan, Ennio Torresan","Aury Wallington, Kristin Hahn, Katherine Nolfi","Isabela Merced, Marsai Martin, Mckenna Grace",English,49.0,5.5,"$17,635,215",0
42,42,The Green Knight,2021,R,30 Jul 2021,130 min,"Adventure, Drama, Fantasy",David Lowery,David Lowery,"Dev Patel, Alicia Vikander, Joel Edgerton",English,85.0,6.6,"$17,173,321",0
43,43,Resident Evil: Welcome to Raccoon City,2021,R,24 Nov 2021,107 min,"Action, Horror, Sci-Fi",Johannes Roberts,Johannes Roberts,"Kaya Scodelario, Robbie Amell, Hannah John-Kamen",English,44.0,5.2,"$16,962,542",0
44,44,The French Dispatch,2021,R,22 Oct 2021,107 min,"Comedy, Drama, Romance",Wes Anderson,"Wes Anderson, Roman Coppola, Hugo Guinness","Benicio Del Toro, Adrien Brody, Tilda Swinton","English, French",74.0,7.3,"$16,124,375",0
45,45,Licorice Pizza,2021,R,25 Dec 2021,133 min,"Comedy, Drama, Romance",Paul Thomas Anderson,Paul Thomas Anderson,"Alana Haim, Cooper Hoffman, Sean Penn","English, Japanese, Spanish",90.0,7.8,"$14,592,081",0
46,46,The Marksman,2021,PG-13,15 Jan 2021,108 min,"Action, Adventure, Thriller",Robert Lorenz,"Chris Charles, Danny Kravitz, Robert Lorenz","Katheryn Winnick, Liam Neeson, Teresa Ruiz","English, Spanish",44.0,5.6,"$15,566,093",0
47,47,The Unholy,2021,PG-13,02 Apr 2021,99 min,"Drama, Horror, Mystery",Evan Spiliotopoulos,"Evan Spiliotopoulos, James Herbert","Jeffrey Dean Morgan, Cricket Brown, William Sadler","English, American Sign , Latin",36.0,5.1,"$15,532,137",0
48,48,The Little Things,2021,R,29 Jan 2021,128 min,"Crime, Drama, Mystery",John Lee Hancock,John Lee Hancock,"Denzel Washington, Rami Malek, Jared Leto","English, Spanish, Arabic",54.0,6.3,"$15,342,746",0
49,49,Dear Evan Hansen,2021,PG-13,24 Sep 2021,137 min,"Drama, Musical",Stephen Chbosky,"Steven Levenson, Benj Pasek, Justin Paul","Ben Platt, Julianne Moore, Kaitlyn Dever",English,39.0,6.1,"$15,002,646",0
50,50,King Richard,2021,PG-13,19 Nov 2021,144 min,"Biography, Drama, Sport",Reinaldo Marcus Green,Zach Baylin,"Will Smith, Aunjanue Ellis, Jon Bernthal",English,76.0,7.6,"$14,849,075",0
51,51,Stillwater,2021,R,30 Jul 2021,139 min,"Crime, Drama, Thriller",Tom McCarthy,"Tom McCarthy, Marcus Hinchey, Thomas Bidegain","Matt Damon, Camille Cottin, Abigail Breslin","English, French",60.0,6.6,"$14,465,535",0
52,52,Malignant,2021,R,10 Sep 2021,111 min,"Crime, Horror, Mystery",James Wan,"James Wan, Ingrid Bisu, Akela Cooper","Annabelle Wallis, Maddie Hasson, George Young",English,51.0,6.3,"$13,391,791",0
53,53,Christmas with the Chosen: The Messengers,2021,Not Rated,01 Dec 2021,123 min,Music,"Dallas Jenkins, Jacob Schwarz, Aaron Edson",0,"Austin Reed Alleman, Sara Anne, Alican Barlas",0,0.0,7.7,"$13,728,000",0
54,54,Chaos Walking,2021,PG-13,05 Mar 2021,109 min,"Action, Adventure, Fantasy",Doug Liman,"Patrick Ness, Christopher Ford","Tom Holland, Daisy Ridley, Demián Bichir",English,38.0,5.8,"$13,287,908",0
55,55,Nightmare Alley,2021,R,17 Dec 2021,150 min,"Crime, Drama, Thriller",Guillermo del Toro,"Guillermo del Toro, Kim Morgan, William Lindsay Gresham","Bradley Cooper, Cate Blanchett, Toni Collette",English,70.0,7.4,"$11,031,950",0
56,56,The Last Duel,2021,R,15 Oct 2021,152 min,"Action, Drama, History",Ridley Scott,"Nicole Holofcener, Ben Affleck, Matt Damon","Matt Damon, Adam Driver, Jodie Comer","English, German, French, Latin",67.0,7.4,"$10,853,945",0
57,57,Antlers,2021,R,29 Oct 2021,99 min,"Drama, Horror, Mystery",Scott Cooper,"Henry Chaisson, Nick Antosca, Scott Cooper","Keri Russell, Jesse Plemons, Jeremy T. Thomas","English, Ojibwa",57.0,5.9,"$10,619,670",0
58,58,Cry Macho,2021,PG-13,17 Sep 2021,104 min,"Drama, Thriller",Clint Eastwood,"Nick Schenk, N. Richard Nash","Clint Eastwood, Dwight Yoakam, Daniel V. Graulau","English, Spanish, American Sign ",58.0,5.7,"$10,310,734",0
59,59,Last Night in Soho,2021,R,29 Oct 2021,116 min,"Drama, Horror, Mystery",Edgar Wright,"Edgar Wright, Krysty Wilson-Cairns","Thomasin McKenzie, Anya Taylor-Joy, Matt Smith",English,65.0,7.2,"$10,127,625",0
60,60,Belfast,2021,PG-13,12 Nov 2021,98 min,"Biography, Drama, History",Kenneth Branagh,Kenneth Branagh,"Jude Hill, Lewis McAskie, Caitriona Balfe",English,75.0,7.4,"$7,197,965",0
61,61,The Many Saints of Newark,2021,R,01 Oct 2021,120 min,"Crime, Drama",Alan Taylor,"David Chase, Lawrence Konner","Alessandro Nivola, Leslie Odom Jr., Jon Bernthal","English, Italian, Latin",60.0,6.3,"$8,237,403",0
62,62,The Protégé,2021,R,20 Aug 2021,109 min,"Action, Thriller",Martin Campbell,Richard Wenk,"Michael Keaton, Maggie Q, Samuel L. Jackson",English,48.0,6.1,"$7,446,823",0
63,63,Those Who Wish Me Dead,2021,R,14 May 2021,100 min,"Action, Crime, Drama",Taylor Sheridan,"Michael Koryta, Charles Leavitt, Taylor Sheridan","Angelina Jolie, Nicholas Hoult, Finn Little",English,59.0,6.0,"$7,407,200",0
64,64,Spencer,2021,R,05 Nov 2021,117 min,"Biography, Drama",Pablo Larraín,Steven Knight,"Kristen Stewart, Timothy Spall, Jack Nielen",English,76.0,6.8,"$7,086,632",0
65,65,A Journal for Jordan,2021,PG-13,25 Dec 2021,131 min,Drama,Denzel Washington,"Virgil Williams, Charles Monroe King, Dana Canedy","Michael B. Jordan, Chanté Adams, Jalon Christian",English,42.0,5.7,"$6,312,915",0
66,66,Judas and the Black Messiah,2021,R,12 Feb 2021,126 min,"Biography, Drama, History",Shaka King,"Will Berson, Shaka King, Kenneth Lucas","Daniel Kaluuya, LaKeith Stanfield, Jesse Plemons",English,85.0,7.5,"$5,478,009",0
67,67,Roadrunner: A Film About Anthony Bourdain,2021,R,16 Jul 2021,119 min,Documentary,Morgan Neville,0,"Anthony Bourdain, Ottavia Bourdain, David Chang",English,0.0,7.8,"$5,249,970",0
68,68,Copshop,2021,R,17 Sep 2021,107 min,"Action, Crime, Thriller",Joe Carnahan,"Kurt McLeod, Joe Carnahan, Mark Williams","Gerard Butler, Frank Grillo, Alexis Louder",English,61.0,6.2,"$5,213,243",0
69,69,Separation,2021,R,30 Apr 2021,107 min,Horror,William Brent Bell,"Nick Amadeus, Josh Braun","Rupert Friend, Violet McGraw, Madeline Brewer",English,0.0,4.7,"$4,509,143",0
70,70,Boogie,2021,R,05 Mar 2021,90 min,"Drama, Sport",Eddie Huang,Eddie Huang,"Taylor Takahashi, Pamelyn Chee, Jorge Lendeborg Jr.",English,54.0,5.2,"$4,178,620",0
71,71,Reminiscence,2021,PG-13,20 Aug 2021,116 min,"Mystery, Romance, Sci-Fi",Lisa Joy,Lisa Joy,"Hugh Jackman, Rebecca Ferguson, Thandiwe Newton","English, Mandarin, Spanish",46.0,5.9,"$3,900,193",0
72,72,12 Mighty Orphans,2021,PG-13,18 Jun 2021,118 min,"History, Sport",Ty Roberts,"Jim Dent, Ty Roberts, Lane Garrison","Luke Wilson, Vinessa Shaw, Wayne Knight",English,44.0,6.9,"$3,689,637",0
73,73,Pig,2021,R,16 Jul 2021,92 min,"Drama, Mystery, Thriller",Michael Sarnoski,"Vanessa Block, Michael Sarnoski","Nicolas Cage, Alex Wolff, Adam Arkin",English,82.0,7.0,"$3,186,668",0
74,74,The Girl Who Believes in Miracles,2021,PG,02 Apr 2021,100 min,"Drama, Family",Richard Correll,"Richard Correll, G.M. Mercier","Mira Sorvino, Austyn Johnson, Kevin Sorbo",English,0.0,5.4,"$3,163,362",0
75,75,Voyagers,2021,PG-13,09 Apr 2021,108 min,"Adventure, Sci-Fi, Thriller",Neil Burger,Neil Burger,"Colin Farrell, Tye Sheridan, Lily-Rose Depp",English,44.0,5.4,"$3,149,935",0
76,76,The House Next Door: Meet the Blacks 2,2021,R,11 Jun 2021,97 min,"Action, Comedy, Horror",Deon Taylor,"Corey Harrell, Deon Taylor","Mike Epps, Katt Williams, Lil Duval",English,0.0,3.8,"$2,893,660",0
77,77,Here Today,2021,PG-13,07 May 2021,117 min,"Comedy, Drama",Billy Crystal,"Alan Zweibel, Billy Crystal","Billy Crystal, Chad Jennings, Dierdre Friel",English,40.0,6.7,"$2,807,494",0
78,78,Finding You,2021,Not Rated,14 May 2021,0,"Drama, Romance",0,0,"Chris Murphy Smith, Christopher Brian, Phil Kramer",English,0.0,0.0,"$2,676,410",0
79,79,Lamb,2021,R,24 Sep 2021,106 min,"Drama, Fantasy, Horror",Valdimar Jóhannsson,"Sjón, Valdimar Jóhannsson","Noomi Rapace, Hilmir Snær Guðnason, Björn Hlynur Haraldsson",Icelandic,68.0,6.3,"$2,657,850",0
80,80,The Card Counter,2021,R,10 Sep 2021,111 min,"Crime, Drama, Thriller",Paul Schrader,Paul Schrader,"Oscar Isaac, Tiffany Haddish, Tye Sheridan",English,77.0,6.3,"$2,577,830",0
81,81,Land,2021,PG-13,12 Feb 2021,89 min,"Adventure, Drama",Robin Wright,"Jesse Chatham, Erin Dignam","Robin Wright, Demián Bichir, Sarah Dawn Pledge",English,61.0,6.7,"$2,404,127",0
82,82,The Eyes of Tammy Faye,2021,PG-13,17 Sep 2021,126 min,"Biography, Drama, Romance",Michael Showalter,"Fenton Bailey, Randy Barbato, Abe Sylvia","Jessica Chastain, Andrew Garfield, Cherry Jones",English,55.0,6.7,"$2,320,649",0
83,83,"Summer of Soul (...Or, When the Revolution Could Not Be Televised)",2021,PG-13,02 Jul 2021,118 min,"Documentary, Music",Questlove,0,"Dorinda Drake, Barbara Bland-Acosta, Darryl Lewis",English,96.0,8.1,"$2,170,750",0
84,84,After We Fell,2021,R,22 Oct 2021,98 min,"Drama, Romance",Castille Landon,"Anna Todd, Sharon Soboil","Josephine Langford, Hero Fiennes Tiffin, Louise Lombard",English,0.0,4.7,0,0
85,85,The Father,2021,0,21 Mar 2021,0,"Short, Drama",Blake Ridder,Blake Ridder,"Louis James, Stewart Permutt, Blake Ridder",English,0.0,0.0,"$1,926,706",0
86,86,Queen Bees,2021,PG-13,11 Jun 2021,100 min,"Comedy, Drama, Romance",Michael Lembeck,"Donald Martin, Harrison Powell","Ellen Burstyn, Jane Curtin, Loretta Devine",English,52.0,6.2,"$1,782,909",0
87,87,Show Me the Father,2021,PG,10 Sep 2021,91 min,"Documentary, Drama",Rick Altizer,0,"Jim Daly, Jonathan Evans, Tony Evans",English,0.0,6.4,"$1,442,988",0
88,88,Point of View: A Designer Profile,2021,0,14 Mar 2021,0,0,0,0,"Brian Patrick Flynn, Jean Stoffer, Lauren Bradshaw",English,0.0,0.0,"$1,437,938",0
89,89,Titane,2021,R,01 Oct 2021,108 min,"Drama, Horror, Sci-Fi",Julia Ducournau,"Julia Ducournau, Jacques Akchoti, Simonetta Greggio","Vincent Lindon, Agathe Rousselle, Garance Marillier",French,75.0,6.7,"$1,800,000",0
90,90,Together Together,2021,R,23 Apr 2021,90 min,Comedy,Nikole Beckwith,Nikole Beckwith,"Patti Harrison, Ed Helms, Rosalind Chao",English,70.0,6.5,"$1,251,184",0
91,91,Honsla Rakh,2021,0,24 Nov 2021,145 min,"Comedy, Drama, Romance",Amarjit Singh Saron,Rakesh Dhawan,"Diljit Dosanjh, Shehnaaz Gill, Sonam Bajwa",Punjabi,0.0,8.0,"$1,113,723",0
92,92,Wrong Turn,2021,R,26 Feb 2021,109 min,"Horror, Thriller",Mike P. Nelson,Alan B. McElroy,"Charlotte Vega, Adain Bradley, Bill Sage",English,46.0,5.5,"$1,023,086",0
93,93,In the Earth,2021,R,16 Apr 2021,107 min,"Horror, Sci-Fi, Thriller",Ben Wheatley,Ben Wheatley,"Joel Fry, Reece Shearsmith, Hayley Squires",English,63.0,5.2,"$1,038,255",0
94,94,Red Rocket,2021,R,17 Dec 2021,130 min,"Comedy, Drama",Sean Baker,"Sean Baker, Chris Bergoch","Simon Rex, Bree Elrod, Suzanna Son",English,75.0,7.4,"$1,018,532",0
95,95,True to the Game 3,2021,R,03 Dec 2021,98 min,"Romance, Thriller",David Wolfgang,Jeff Robertson,"Malik Barnhardt, Starletta DuPois, Omar Gooding",English,0.0,4.8,"$1,016,725",0
96,96,Long Weekend,2021,R,12 Mar 2021,91 min,"Comedy, Romance",Steve Basilone,Steve Basilone,"Steve Basilone, Jennifer Irwin, Jess Jacobs",English,53.0,6.1,"$855,765",0
97,97,The Jesus Music,2021,PG-13,01 Oct 2021,109 min,Documentary,"Andrew Erwin, Jon Erwin","Jon Erwin, Bekah Hubbell","Kirk Franklin, Amy Grant, Kevin Max",English,42.0,7.0,"$844,743",0
98,98,Witnesses,2021,PG,04 Jun 2021,110 min,"Action, Adventure, Drama",Mark Goodman,Mitch Davis,"Michael Zuccola, Caleb J. Spivak, Lincoln Hoppe",English,0.0,4.2,"$836,536",0
99,99,The Alpinist,2021,PG-13,10 Sep 2021,92 min,Documentary,"Peter Mortimer, Nick Rosen",0,"Marc-André Leclerc, Peter Mortimer, Alex Honnold",English,67.0,8.0,"$738,175",0
100,100,The Mauritanian,2021,R,02 Mar 2021,129 min,"Biography, Drama, Thriller",Kevin Macdonald,"Michael Bronner, Rory Haines, Sohrab Noshirvani","Tahar Rahim, Nouhe Hamady Bari, Saadna Hamoud","English, French, Arabic, German",53.0,7.5,"$1,060,556",0
101,101,Blue Bayou,2021,R,17 Sep 2021,117 min,Drama,Justin Chon,Justin Chon,"Justin Chon, Alicia Vikander, Mark O'Brien",English,58.0,7.1,"$744,813",0
102,102,The Rescue,2021,PG,08 Oct 2021,107 min,"Documentary, Action, Mystery","Jimmy Chin, Elizabeth Chai Vasarhelyi",0,"Bancha Duriyapunt, Apakorn Youkongkaew, Anan Surawan",English,0.0,8.4,"$637,665",0
103,103,Lamb of God: The Concert Film,2021,0,12 Mar 2021,90 min,Musical,Rob Gardner,Rob Gardner,"Casey Elliott, Katherine Thomas, Tyler Hardwick",English,0.0,8.5,"$575,783",0
104,104,The Sparks Brothers,2021,R,18 Jun 2021,140 min,"Documentary, Biography, Comedy",Edgar Wright,0,"Ron Mael, Russell Mael, Beck",English,80.0,7.9,"$480,774",0
105,105,Werewolves Within,2021,R,02 Jul 2021,97 min,"Comedy, Horror, Mystery",Josh Ruben,Mishna Wolff,"Sam Richardson, Milana Vayntrub, George Basil",English,66.0,6.0,"$475,488",0
106,106,For the Love of Money,2021,R,20 Oct 2021,99 min,"Drama, Thriller",Leslie Small,"Timothy Allen Smith, Zadia Ife, Leslie Small","Katt Williams, Keri Hilson, Rotimi",English,0.0,6.0,"$470,000",0
107,107,National Champions,2021,R,10 Dec 2021,116 min,"Drama, Sport",Ric Roman Waugh,Adam Mervis,"Stephan James, J.K. Simmons, Alexander Ludwig",English,52.0,5.6,"$445,740",0
108,108,Jathi Ratnalu,2021,0,11 Mar 2021,145 min,Comedy,Anudeep K.V.,Anudeep K.V.,"Naveen Polishetty, Rahul Ramakrishna, Priyadarshi",Telugu,0.0,7.6,"$424,667",0
109,109,The Lost Leonardo,2021,PG-13,13 Aug 2021,96 min,Documentary,Andreas Koefoed,"Andreas Dalsgaard, Christian Kirk Muff, Andreas Koefoed","Jerry Saltz, Robert K. Wittman, Doug Patteson","English, French",79.0,7.6,"$418,286",0
110,110,Flag Day,2021,R,20 Aug 2021,109 min,"Crime, Drama",Sean Penn,"Jez Butterworth, Jennifer Vogel, John-Henry Butterworth","Mitchell McCormick, Tom Anniko, Dylan Penn",English,53.0,4.9,0,0
111,111,Willy's Wonderland,2021,TV-MA,12 Feb 2021,88 min,"Action, Comedy, Horror",Kevin Lewis,G.O. Parsons,"Nicolas Cage, Emily Tosta, Beth Grant",English,44.0,5.5,"$395,743",0
112,112,Dreamland: The Burning of Black Wall Street,2021,0,31 May 2021,98 min,Documentary,Salima Koroma,0,"Alicia Odewale, Hannibal Johnson, Kary Stacklebeck",English,0.0,6.7,"$353,224",0
113,113,Julia,2021,PG-13,18 Mar 2022,95 min,Documentary,"Julie Cohen, Betsy West",0,"José Andrés, Antonietta Brownell, Julia Child",English,71.0,7.6,"$350,000",0
114,114,Benedetta,2021,Unrated,03 Dec 2021,131 min,"Biography, Drama, History",Paul Verhoeven,"David Birke, Paul Verhoeven, Judith C. Brown","Virginie Efira, Charlotte Rampling, Daphne Patakia","French, Latin",73.0,6.7,"$100,094",0
115,115,Bo Gia,2021,0,12 Mar 2021,128 min,"Comedy, Drama, Family","Tran Thanh, Ngoc Dang Vu","Ho Thuc An, Nhi Bui","Tran Thanh, Tuan Tran, Ngan Chi",Vietnamese,0.0,6.7,"$404,371",0
116,116,Flee,2021,PG-13,17 Jun 2021,89 min,"Documentary, Animation",Jonas Poher Rasmussen,"Amin Nawabi, Jonas Poher Rasmussen","Daniel Karimyar, Fardin Mijdzadeh, Milad Eskandari","Danish, English, Dari, Russian, Swedish",90.0,8.1,"$288,714",0
117,117,Dutch,2021,R,12 Mar 2021,109 min,Action,Preston A. Whitmore II,"Preston A. Whitmore II, Teri Woods","Natasha Marc, Iyana Halley, Malcolm David Kelley",English,0.0,3.7,"$269,435",0
118,118,India Sweets and Spices,2021,PG-13,12 Jun 2021,101 min,Comedy,Geeta Malik,Geeta Malik,"Sophia Ali, Manisha Koirala, Rish Shah",English,57.0,6.0,"$264,626",0
119,119,A Mouthful of Air,2021,R,29 Oct 2021,105 min,Drama,Amy Koppelman,Amy Koppelman,"Amanda Seyfried, Olivia Katz, Christian Kutz",English,52.0,6.0,"$254,775",0
120,120,Rita Moreno: Just a Girl Who Decided to Go for It,2021,PG-13,18 Jun 2021,90 min,"Documentary, Biography",Mariem Pérez Riera,0,"Lin-Manuel Miranda, Morgan Freeman, Marlon Brando",English,77.0,7.7,0,0
121,121,Once I Was Engaged,2021,0,21 Jul 2021,107 min,Comedy,"Maclain Nelson, Stephen Shimek",Maclain Nelson,"Bart Johnson, Paris Warner, Clare Niederpruem",0,0.0,7.0,"$231,687",0
122,122,Supernova,2021,0,23 Jul 2021,0,"Short, Drama",Lorenzo Baldi,Lorenzo Baldi,"Jules Baron, Paul Samrani",French,0.0,0.0,0,0
123,123,Becoming Cousteau,2021,PG-13,24 Nov 2021,94 min,"Documentary, Adventure, Biography",Liz Garbus,"Mark Monroe, Pax Wassermann","Vincent Cassel, Carol Burnett, Louis Malle","English, French",74.0,7.1,0,0
124,124,Limbo,2021,0,18 Nov 2021,118 min,Drama,Soi Cheang,Kin-Yee Au,"Ka-Tung Lam, Yase Liu, Mason Lee","Chinese, Cantonese",0.0,7.2,"$214,390",0
125,125,Doctor,2021,0,09 Oct 2021,148 min,"Action, Comedy, Crime",Nelson Dilipkumar,Nelson Dilipkumar,"Sivakarthikeyan, Vinay Rai, Priyanka Arulmohan",Tamil,0.0,7.6,0,0
126,126,Together,2021,R,27 Aug 2021,92 min,"Comedy, Drama","Stephen Daldry, Justin Martin",Dennis Kelly,"James McAvoy, Sharon Horgan, Samuel Logan",English,59.0,6.4,"$204,513",0
127,127,La Piscine,2021,0,14 May 2021,0,0,0,0,0,0,0.0,0.0,"$191,996",0
128,128,Ailey,2021,PG-13,23 Jul 2021,95 min,"Documentary, Biography",Jamila Wignot,0,"Alvin Ailey, Judith Jamison, Samuel Lee Roberts",English,77.0,6.9,0,0
129,129,The Resort,2021,0,12 Jul 2021,75 min,Horror,Taylor Chien,Taylor Chien,"Bianca Haase, Brock O'Hurn, Michael Vlamis",English,0.0,3.0,"$147,595",0
130,130,"O, What Rice! O, What Beans!",2021,0,01 Jun 2021,6 min,"Animation, Short",Jer Moran,Jer Moran,"Alec Bersoux, Timothy Bethel Brewer, Vincent Gagnepain",English,0.0,0.0,"$146,329",0
131,131,Wolf,2021,R,18 Feb 2022,99 min,"Drama, Mystery, Thriller",Nathalie Biancheri,Nathalie Biancheri,"George MacKay, Lily-Rose Depp, Paddy Considine",English,52.0,6.4,"$145,191",0
132,132,SAS: Red Notice,2021,R,16 Mar 2021,124 min,"Action, Thriller",Magnus Martens,"Laurence Malkin, Andy McNab","Sam Heughan, Ruby Rose, Andy Serkis","English, French",0.0,5.2,"$145,174",0
133,133,Bergman Island,2021,R,14 Jul 2021,112 min,Drama,Mia Hansen-Løve,Mia Hansen-Løve,"Vicky Krieps, Tim Roth, Grace Delrue","English, French, Swedish",81.0,6.8,0,0
134,134,Mass,2021,PG-13,15 Oct 2021,111 min,Drama,Fran Kranz,Fran Kranz,"Jason Isaacs, Martha Plimpton, Ann Dowd",English,81.0,7.7,0,0
135,135,The Reckoning,2021,0,04 Jun 2021,50 min,Western,"Carlos Diaz, George Meyers, Dink Thomas","CJ Morrison, Dink Thomas, Tracy Townsend","CJ Morrison, Dink Thomas, Wally Welch",English,0.0,0.0,"$130,934",0
136,136,No Man's Land,2021,0,19 Nov 2021,114 min,"Crime, Drama, Thriller",Jishnu Harindra Varma,Jishnu Harindra Varma,"Lukman Lukku, Sreeja Das, Sudhi Koppa",Malayalam,0.0,7.7,"$17,530",0
137,137,Tadap,2021,0,03 Dec 2021,126 min,"Action, Drama, Romance",Milan Luthria,"Rajat Arora, Ajay Bhupathi","Ahan Shetty, Tara Sutaria, Saurabh Shukla",Hindi,0.0,5.7,0,0
138,138,Gaia,2021,R,18 Jun 2021,96 min,"Drama, Fantasy, Horror",Jaco Bouwer,Tertius Kapp,"Monique Rockman, Carel Nel, Alex van Dyk","English, Afrikaans",64.0,5.6,"$124,772",0
139,139,Swan Song,2021,R,17 Dec 2021,112 min,"Drama, Romance, Sci-Fi",Benjamin Cleary,Benjamin Cleary,"Mahershala Ali, Naomie Harris, Awkwafina",English,66.0,6.8,"$120,226",0
140,140,The Djinn,2021,R,14 May 2021,82 min,"Horror, Thriller","David Charbonier, Justin Powell","David Charbonier, Justin Powell","Ezra Dewey, Rob Brownstein, Tevy Poe","English, American Sign ",59.0,4.7,0,0
141,141,Walking with Herb,2021,PG,30 Apr 2021,110 min,Comedy,Ross Kagan Marks,Mark Medoff,"Edward James Olmos, George Lopez, Kathleen Quinlan",English,0.0,5.1,"$110,995",0
142,142,The World to Come,2021,0,15 Apr 2021,0,"Short, Drama, Horror",Josh Fagen,Josh Fagen,"Steven Hobé, Andrew Johnston, Harriet Karsh",English,0.0,0.0,"$107,798",0
143,143,Small Engine Repair,2021,R,10 Sep 2021,102 min,"Comedy, Drama, Thriller",John Pollono,John Pollono,"Jon Bernthal, Shea Whigham, Jordana Spiro",English,57.0,6.6,"$102,651",0
144,144,The Loneliest Whale: The Search for 52,2021,PG,09 Jul 2021,96 min,"Documentary, Adventure",Joshua Zeman,"Lisa Schiller, Lisa Schiller, Joshua Zeman","Joshua Zeman, Joseph George, David Rosenberg",English,69.0,6.6,0,0
145,145,Tango Shalom,2021,PG-13,29 Oct 2021,115 min,"Comedy, Family",Gabriel Bologna,"Joseph Bologna, Claudio Laniado, Jos Laniado","Lainie Kazan, Renée Taylor, Philip Anthony-Rodriguez",English,0.0,6.4,"$98,929",0
146,146,The Misfits,2021,R,11 Jun 2021,94 min,"Action, Adventure, Thriller",Renny Harlin,"Kurt Wimmer, Robert Henny","Pierce Brosnan, Tim Roth, Nick Cannon",English,25.0,4.3,"$95,643",0
147,147,The Souvenir: Part II,2021,R,04 Feb 2022,107 min,"Drama, Romance",Joanna Hogg,Joanna Hogg,"Tilda Swinton, Honor Swinton Byrne, James Spencer Ashworth",English,90.0,7.7,"$90,050",0
148,148,Safer at Home,2021,R,26 Feb 2021,82 min,"Crime, Drama, Thriller",Will Wernick,"Will Wernick, Lia Bozonelis, John Ierardi","Alisa Allapach, Adwin Brown, Katie L. Hall",English,35.0,4.1,"$8,188",0
149,149,Censor,2021,0,11 Jun 2021,84 min,"Horror, Mystery",Prano Bailey-Bond,"Prano Bailey-Bond, Anthony Fletcher","Niamh Algar, Michael Smiley, Nicholas Burns",English,69.0,6.1,"$87,059",0
150,150,Jockey,2021,R,04 Feb 2022,94 min,Drama,Clint Bentley,"Clint Bentley, Greg Kwedar","Clifton Collins Jr., Moises Arias, Molly Parker",English,77.0,6.7,0,0
151,151,Mission Stories,2021,0,07 May 2021,110 min,Drama,Bryce Clark,"Bryce Clark, Crystal Myler","Joel Bishop, Louis Boakye, Charley Boon",English,0.0,7.8,0,0
152,152,On Broadway,2021,0,19 Mar 2021,0,Musical,Zachary James,0,"Zachary James, Charity Wicks",English,0.0,0.0,"$76,650",0
153,153,Undine,2021,0,24 Jul 2021,30 min,"Animation, Short, Music",Sjaron Minailo,"Michaël Brijs, Stefanie Janssen, Sjaron Minailo","Michaël Brijs, Stefanie Janssen",English,0.0,0.0,"$73,257",0
154,154,In Balanchine's Classroom,2021,0,17 Sep 2021,89 min,Documentary,Connie Hochman,0,"Merrill Ashley, George Balanchine, Jacques d'Amboise",English,0.0,7.1,"$93,579",0
155,155,Language Lessons,2021,0,10 Sep 2021,91 min,"Comedy, Drama",Natalie Morales,"Mark Duplass, Natalie Morales","Mark Duplass, Natalie Morales, Desean Terry","English, Spanish",68.0,7.1,0,0
156,156,CatVideoFest 2021,2021,0,23 Jul 2021,0,0,0,0,0,0,0.0,0.0,"$71,334",0
157,157,Summertime Dropouts,2021,0,26 Oct 2021,0,"Comedy, Family",Jhene Chase,"Jhene Chase, Hannah Maslinski, Hamid Torabpour","Quinton Aaron, Nick Podany, Josh Richards",English,0.0,0.0,"$62,376",0
158,158,Demonic,2021,R,20 Aug 2021,104 min,"Drama, Horror, Sci-Fi",Neill Blomkamp,Neill Blomkamp,"Carly Pope, Chris William Martin, Michael J Rogers",English,36.0,4.2,0,0
159,159,The First Wave,2021,R,26 Nov 2021,93 min,"Documentary, History",Matthew Heineman,0,Nathalie Douge,English,85.0,6.9,"$61,030",0
160,160,Dreams Come True,2021,0,12 Jul 2021,0,"Short, Music",Belinda Elkaim,0,0,English,0.0,0.0,"$60,389",0
161,161,Lansky,2021,R,25 Jun 2021,119 min,"Biography, Crime, Drama",Eytan Rockaway,"Eytan Rockaway, Robert Rockaway","Harvey Keitel, Sam Worthington, John Magaro",English,45.0,6.3,"$55,333",0
162,162,Kurt Vonnegut: Unstuck in Time,2021,Not Rated,11 Nov 2021,127 min,Documentary,"Robert B. Weide, Don Argott",Robert B. Weide,"Linda Bates, Jerome Klinkowitz, Sidney Offit",English,64.0,8.0,"$55,068",0
163,163,Without Getting Killed or Caught,2021,0,16 Mar 2021,95 min,Documentary,"Tamara Saviano, Paul Whitfield","Bart Knaggs, Tamara Saviano","Jo Harvey Allen, Terry Allen, Guy Clark",English,0.0,7.8,"$55,121",0
164,164,Son,2021,Not Rated,05 Mar 2021,98 min,"Horror, Thriller",Ivan Kavanagh,Ivan Kavanagh,"Andi Matichak, Emile Hirsch, Luke David Blumm",English,54.0,5.6,0,0
165,165,Christmas vs. The Walters,2021,PG-13,26 Nov 2021,102 min,"Comedy, Drama, Family",Peter A. D'Amato,"Peter A. D'Amato, Ante Novakovic","Shawnee Smith, Dean Winters, Chris Elliott",English,0.0,4.0,"$53,932",0
166,166,Harry Truman,2021,0,01 Mar 2021,0,0,0,0,Richard Pious,English,0.0,0.0,0,0
167,167,Azor,2021,0,10 Sep 2021,100 min,"Drama, Thriller",Andreas Fontana,"Andreas Fontana, Mariano Llinás","Fabrizio Rongione, Stéphanie Cléau, Carmen Iriondo","French, Spanish, English",88.0,6.7,"$52,656",0
168,168,EMA,2021,0,27 Feb 2021,0,Music,0,0,"Lea Sirk, Ana Soklic",Slovenian,0.0,0.0,"$49,347",0
169,169,Memoria,2021,PG,30 Sep 2021,136 min,"Drama, Sci-Fi",Apichatpong Weerasethakul,Apichatpong Weerasethakul,"Tilda Swinton, Elkin Díaz, Jeanne Balibar","English, Spanish",91.0,6.7,"$48,144",0
170,170,France,2021,Unrated,10 Dec 2021,133 min,"Comedy, Drama",Bruno Dumont,Bruno Dumont,"Léa Seydoux, Blanche Gardin, Benjamin Biolay","German, English, French",57.0,5.9,"$44,736",0
171,171,Last Call,2021,R,19 Mar 2021,102 min,Comedy,Paolo Pilladi,"Greg Lingo, Michael Baughan, Billy Reilly","Jeremy Piven, Taryn Manning, Zach McGowan",English,0.0,4.1,"$39,199",0
172,172,Death Rider in the House of Vampires,2021,Not Rated,27 Aug 2021,92 min,"Horror, Western",Glenn Danzig,Glenn Danzig,"Devon Sawa, Julian Sands, Kim Director",English,0.0,4.4,"$42,068",0
173,173,The Scary of Sixty-First,2021,Unrated,24 Dec 2021,81 min,"Comedy, Horror, Mystery",Dasha Nekrasova,"Dasha Nekrasova, Madeline Quinn","Madeline Quinn, Betsey Brown, Stephen Gurewitz",English,49.0,5.2,"$41,598",0
174,174,Old Henry,2021,0,01 Oct 2021,99 min,"Thriller, Western",Potsy Ponciroli,Potsy Ponciroli,"Tim Blake Nelson, Scott Haze, Gavin Lewis","English, Spanish",69.0,7.3,"$39,948",0
175,175,Senior Moment,2021,0,26 Mar 2021,92 min,"Comedy, Drama, Romance",Giorgio Serafini,"Kurt Brungardt, Christopher Momenee","William Shatner, Jean Smart, Don McManus",English,41.0,6.1,"$37,266",0
176,176,Luzzu,2021,0,05 Jan 2022,94 min,Drama,Alex Camilleri,Alex Camilleri,"Filip Sertic, Jesmark Scicluna, Frida Cauchi","Maltese, English",79.0,7.0,"$37,000",0
177,177,"All Light, Everywhere",2021,Unrated,04 Jun 2021,105 min,Documentary,Theo Anthony,0,"Theo Anthony, Keaver Brenai, Robert Cunniff",English,76.0,6.9,"$33,765",0
178,178,Heart of Champions,2021,PG-13,29 Oct 2021,119 min,"Drama, Sport",Michael Mailer,Vojin Gjaja,"Michael Shannon, Alexander Ludwig, Charles Melton",English,0.0,5.6,0,0
179,179,Cryptozoo,2021,0,20 Aug 2021,95 min,Animation,Dash Shaw,Dash Shaw,"Lake Bell, Michael Cera, Emily Davis",English,74.0,6.5,0,0
180,180,Confetti,2021,0,04 Jan 2021,0,"Short, Drama",Zander Padget,Zander Padget,"Kiley A. Rothweiler, Katherine Wallach",English,0.0,0.0,"$32,934",0
181,181,Bloody Hell: A Rock-Zoo-Mentary,2021,0,11 Jul 2021,0,"Short, Comedy",Shane Brady,Shane Brady,"Sean Akyildiz, Jeancarlos Bello, Kimberly Blake",English,0.0,0.0,"$32,124",0
182,182,The God Committee,2021,0,02 Jul 2021,98 min,Drama,Austin Stark,"Austin Stark, Mark St. Germain","Kelsey Grammer, Julia Stiles, Colman Domingo",English,48.0,5.8,0,0
183,183,Yakuza Princess,2021,R,07 Oct 2021,111 min,Thriller,Vicente Amorim,"Danilo Beyruth, Fernando Toste, Kimi Lee","MASUMI, Jonathan Rhys Meyers, Tsuyoshi Ihara","Japanese, English, Portuguese",34.0,4.5,"$30,520",0
184,184,Monday,2021,0,18 Oct 2021,4 min,"Short, Drama",Paul Hanna,"Nicholas Denton-Cheng, Paul Hanna","Maya T. Weed, Thomas Baker",English,0.0,0.0,"$29,262",0
185,185,The Beta Test,2021,Unrated,15 Oct 2021,93 min,"Comedy, Horror, Thriller","Jim Cummings, PJ McCabe","Jim Cummings, PJ McCabe","Jim Cummings, Virginia Newcomb, PJ McCabe",English,72.0,6.1,"$29,183",0
186,186,The Perfect Candidate,2021,0,04 Sep 2021,0,Documentary,0,0,0,Tagalog,0.0,0.0,0,0
187,187,Trigger Point,2021,Not Rated,16 Apr 2021,85 min,"Action, Mystery, Thriller",Brad Turner,Michael Vickerman,"Barry Pepper, Colm Feore, Eve Harlow",English,0.0,4.9,"$27,744",0
188,188,Settlers,2021,Not Rated,23 Jul 2021,103 min,"Drama, Sci-Fi, Thriller",Wyatt Rockefeller,Wyatt Rockefeller,"Sofia Boutella, Ismael Cruz Cordova, Brooklynn Prince",English,56.0,4.7,"$27,588",0
189,189,Prisoners of the Ghostland,2021,0,17 Sep 2021,103 min,"Action, Fantasy, Sci-Fi",Sion Sono,"Aaron Hendry, Reza Sixo Safai","Nicolas Cage, Sofia Boutella, Nick Cassavetes","English, Japanese, Mandarin, French",53.0,4.2,0,0
190,190,"Ma Belle, My Beauty",2021,0,20 Aug 2021,93 min,"Drama, Romance",Marion Hill,Marion Hill,"Idella Johnson, Hannah Pepper, Lucien Guignard","English, French",65.0,5.5,"$25,386",0
191,191,Jakob's Wife,2021,Not Rated,16 Apr 2021,98 min,Horror,Travis Stevens,"Mark Steensland, Kathy Charles, Travis Stevens","Barbara Crampton, Larry Fessenden, Bonnie Aarons",English,59.0,5.5,"$24,322",0
192,192,Our Ladies of Brooklyn,2021,0,0,0,"Comedy, Drama",0,0,"Em Haine, Bella Ortiz, Caitlin Kinnunen",0,0.0,0.0,0,0
193,193,The Night,2021,0,01 Sep 2021,19 min,"Documentary, Short",Ming-liang Tsai,Ming-liang Tsai,0,0,0.0,0.0,"$21,515",0
194,194,John and the Hole,2021,R,06 Aug 2021,103 min,"Drama, Horror, Thriller",Pascual Sisto,Nicolás Giacobone,"Charlie Shotwell, Michael C. Hall, Jennifer Ehle",English,61.0,5.4,"$20,507",0
195,195,The Novice,2021,R,17 Dec 2021,94 min,"Drama, Thriller",Lauren Hadaway,Lauren Hadaway,"Isabelle Fuhrman, Amy Forsyth, Dilone",English,85.0,6.5,"$20,268",0
196,196,Gully Rowdy,2021,0,17 Sep 2021,143 min,Comedy,G. Nageswara Reddy,"Bhanu Bhogavarapu, Kona Venkat, Nandu R.K.","Harsha Chemudu, Sundeep Kishan, Vennela Kishore",Telugu,0.0,5.9,"$17,316",0
197,197,Dating & New York,2021,PG-13,30 Sep 2021,91 min,Comedy,Jonah Feingold,Jonah Feingold,"Eva Victor, Jerry Ferrara, Jaboukie Young-White",English,42.0,5.1,"$17,200",0
198,198,Writing with Fire,2021,Not Rated,20 Oct 2021,92 min,Documentary,"Sushmit Ghosh, Rintu Thomas",0,"Meera Devi, Shyamkali Devi, Suneeta Prajapati",Hindi,83.0,7.9,"$16,104",0
199,199,Harper,2021,0,14 Dec 2021,104 min,Drama,Kate Bohan,"Kate Bohan, Jiamin Qiu","Kayla Bohan, Gina Vitori, Carly Sullivan",English,0.0,8.1,"$15,974",0
200,200,Mystery of the Kingdom of God,2021,0,26 Mar 2021,91 min,"Animation, Family",Adam Smit,"Jenny Chen, Adam Smit",Adam Smit,English,0.0,2.3,"$15,750",0
201,201,Ascension,2021,0,15 Nov 2021,97 min,Documentary,Jessica Kingdon,0,0,Mandarin,82.0,7.2,"$15,671",0
202,202,How It Ends,2021,R,20 Jul 2021,82 min,Comedy,"Zoe Lister-Jones, Daryl Wein","Daryl Wein, Zoe Lister-Jones","Zoe Lister-Jones, Cailee Spaeny, Whitney Cummings",English,57.0,5.1,0,0
203,203,First Date,2021,Not Rated,02 Jul 2021,103 min,"Comedy, Crime, Mystery","Manuel Crosby, Darren Knapp","Manuel Crosby, Darren Knapp","Tyson Brown, Shelby Duclos, Jesse Janzen",English,52.0,5.3,0,0
204,204,The Laws of the Universe: The Age of Elohim,2021,PG,22 Oct 2021,119 min,Animation,Isamu Imakake,"Ryuho Okawa, Sayaka Okawa","Satomi Arai, Miki Itô, Kane Jungbluth-Murry",Japanese,0.0,0.0,"$15,063",0
205,205,Even in Dreams,2021,PG,06 Aug 2021,120 min,Family,Savannah Ostler,Savannah Ostler,"Alison Arngrim, Eric Osmond, Adrian R'Mante",English,0.0,8.3,"$14,000",0
206,206,No Ordinary Man,2021,0,01 May 2021,0,"Short, Crime","Raheeb Ray Ahmad, Amrith Lal","Raheeb Ray Ahmad, Lucas Eisele","Thaer Al-Shayei, Lisa Gealy, Omar Ragab, Shabana Haroon",English,0.0,0.0,"$13,760",0
207,207,Best Sellers,2021,0,17 Sep 2021,102 min,"Comedy, Drama",Lina Roessler,Anthony Grieco,"Michael Caine, Aubrey Plaza, Scott Speedman",English,54.0,6.2,0,0
208,208,We Broke Up,2021,0,23 Apr 2021,80 min,"Comedy, Drama",Jeff Rosenberg,"Jeff Rosenberg, Laura Jacqmin","Aya Cash, William Jackson Harper, Sarah Bolger",English,53.0,4.9,"$13,589",0
209,209,American Traitor: The Trial of Axis Sally,2021,R,28 May 2021,109 min,Drama,Michael Polish,"William E. Owen, Vance Owen, Darryl Hicks","Meadow Williams, Al Pacino, Carsten Norgaard",English,25.0,5.6,"$13,375",0
210,210,Secret Agent Dingledorf and His Trusty Dog Splat,2021,PG,23 Jul 2021,89 min,"Comedy, Family",Billy Dickson,Bill Myers,"Zackary Arthur, Paul Johansson, Jason Dolley",English,0.0,5.0,0,0
211,211,Hive,2021,0,26 Nov 2021,84 min,Drama,Blerta Basholli,Blerta Basholli,"Yllka Gashi, Çun Lajçi, Aurita Agushi",Albanian,71.0,7.3,"$13,028",0
212,212,We Need to Do Something,2021,Unrated,03 Sep 2021,97 min,"Horror, Mystery",Sean King O'Grady,Max Booth III,"Sierra McCormick, Vinessa Shaw, Pat Healy",English,48.0,4.5,0,0
213,213,Bring Your Own Brigade,2021,R,20 Aug 2021,119 min,Documentary,Lucy Walker,"Katherine Montgomery, Lucy Walker","Trina Cunningham, Mike Davis, Don Hankins",English,81.0,7.3,"$12,245",0
214,214,Stray,2021,0,13 May 2021,13 min,"Short, Drama",Niall Gavigan,Fhinn McClure,"Jamie Duffy, Bartek Jedras",English,0.0,0.0,0,0
215,215,Storm Lake,2021,0,02 Jun 2021,85 min,Documentary,"Beth Levison, Jerry Risius",0,"Jill Biden, Pete Buttigieg, Julian Castro",English,0.0,0.0,"$10,450",0
216,216,Lorelei,2021,0,07 Sep 2021,12 min,"Short, Fantasy, Thriller",Lars Janssen,"Lars Janssen, Charlotte Dawn Potter","Charlotte Dawn Potter, Martin Doran, Jorge Amorim",English,0.0,0.0,0,0
217,217,The Year of the Everlasting Storm,2021,0,09 Sep 2021,115 min,Mystery,"Anthony Chen, David Lowery, Jafar Panahi","Anthony Chen, David Lowery, Jafar Panahi","Yay Yay Bobby Jones, Catherine Machovsky, Yu Zhang","Persian, Chinese, English, Spanish, Thai",72.0,5.8,0,0
218,218,"Glam, Sweat & Tears",2021,0,07 Jun 2021,0,"Documentary, Music",Jovan Radomir,0,"Tomas Ericsson, Eddie Eriksson, Hans Fogelberg","English, Swedish",0.0,6.7,"$9,176",0
219,219,Sabaya,2021,0,30 Jul 2021,90 min,Documentary,Hogir Hirori,Hogir Hirori,0,"Kurdish, Arabic",86.0,7.2,"$8,316",0
220,220,La Petite fille aux larmes de sel,2021,0,0,0,Short,Alannah Carrot,0,Olivia Devlo,0,0.0,0.0,0,0
221,221,All the Streets Are Silent: The Convergence of Hip Hop and Skateboarding (1987-1997),2021,0,23 Jul 2021,89 min,Documentary,Jeremy Elkin,"Dana Brown, Jeremy Elkin","Stretch Armstrong, Peter Bici, Mike Carroll",English,60.0,7.2,0,0
222,222,Average Joe,2021,Not Rated,08 Jan 2021,87 min,"Action, Comedy",Mark Cantu,Mark Cantu,"Camden Toy, Jason Sedillo, Caitlin Rose Williams",English,0.0,2.6,"$6,887",0
223,223,The Feast,2021,0,29 Apr 2022,93 min,"Drama, Horror, Mystery",Lee Haven Jones,Roger Williams,"Annes Elwy, Nia Roberts, Julian Lewis Jones",Welsh,68.0,5.4,"$5,824",0
224,224,El Planeta,2021,0,08 Oct 2021,79 min,Comedy,Amalia Ulman,Amalia Ulman,"Ale Ulman, Amalia Ulman, Nacho Vigalondo",Spanish,76.0,6.5,0,0
225,225,Final Frequency,2021,0,30 Apr 2021,0,"Short, Mystery",Richard Baptiste,Richard Baptiste,"Emma Elliott, James Owens, Jeana Varney",English,0.0,0.0,"$5,497",0
226,226,The Boonies,2021,0,13 Apr 2021,97 min,Horror,Lance Parkin,"Lance Parkin, Matt Schultz","Daniel Johnson, James Quinn, Rick Dutrow",English,0.0,2.7,0,0
227,227,She Professed Herself Pupil of the Wise Man,2021,0,0,0,"Animation, Adventure, Fantasy",0,0,"Brianna Roberts, Ayumu Murase, Hinata Minami",Japanese,0.0,0.0,0,0
228,228,Dark State,2021,0,19 Mar 2021,93 min,"Crime, Drama, Mystery",Tracy Lucca,Tracy Lucca,"Nicholas Baroudi, Melissa Connell, Antoni Corone",English,0.0,3.5,"$4,382",0
229,229,"Here, After",2021,0,06 May 2021,0,Short,Kate Sakamoto,Kate Sakamoto,"Margaret Brock, Carole Miles, Soli Reid",English,0.0,0.0,0,0
230,230,Rock Paper Scissors,2021,0,20 Jul 2021,95 min,Comedy,"Jayme Laforest, Richard Yearwood",Jayme Laforest,"Vahe Sevani, Jeremy Dozier, Kristopher Maz",English,0.0,4.8,"$3,050",0
231,231,Toutes les deux,2021,0,03 Oct 2021,90 min,"Comedy, Romance",Noël Mitrani,Noël Mitrani,"Veronika Leclerc Strickland, Mélanie Elliott, Vitali Makarov",French,0.0,0.0,0,0
232,232,Blood Brothers: Malcolm X & Muhammad Ali,2021,PG-13,09 Sep 2021,95 min,"Documentary, Biography, History",Marcus A. Clarke,"Randy Roberts, Johnny Smith","Ilyasah Shabazz, Rahman Ali, Cornel West",English,69.0,6.8,"$2,839",0
233,233,Mayday,2021,0,01 Oct 2021,100 min,"Drama, Fantasy, Mystery",Karen Cinorre,Karen Cinorre,"Grace Van Patten, Mia Goth, Soko",English,45.0,4.0,"$3,550",0
234,234,No Place,2021,0,12 Mar 2021,7 min,"Short, Mystery",Eric Maurer,Eric Maurer,0,None,0.0,0.0,"$2,238",0
235,235,Naked Singularity,2021,R,13 Aug 2021,93 min,"Comedy, Crime, Drama",Chase Palmer,"Chase Palmer, David Matthews, Sergio De La Pava","John Boyega, Olivia Cooke, Bill Skarsgård",English,36.0,4.6,"$2,113",0
236,236,Project Space 13,2021,0,03 Dec 2021,0,Comedy,Michael M. Bilandic,0,"Theodore Bouloukos, Jason Grisell, Keith Poulson",English,0.0,0.0,"$1,616",0
237,237,The Village Detective: a song cycle,2021,0,05 Sep 2021,81 min,Documentary,Bill Morrison,Bill Morrison,Mikhail Zharov,"English, Icelandic, Russian",0.0,0.0,"$1,096",0
238,238,Below the Fold,2021,0,23 Nov 2021,92 min,"Drama, Mystery, Thriller",Clayton Scott,Clayton Scott,"Davis DeRock, Sarah McGuire, Jamie Addison",English,0.0,4.1,$462,0
239,239,A Glitch in the Matrix,2021,Not Rated,05 Feb 2021,108 min,Documentary,Rodney Ascher,Rodney Ascher,"Nick Bostrom, Joshua Cooke, Erik Davis",English,62.0,5.3,$880,0
240,240,Agnes,2021,0,10 Dec 2021,93 min,"Drama, Horror",Mickey Reece,"Mickey Reece, John Selvidge","Molly C. Quinn, Sean Gunn, Chris Sullivan",English,65.0,4.1,0,0
241,241,Crack House of the Dead,2021,R,18 Jun 2021,86 min,"Action, Horror",Jason Toler,Jason Toler,"Levi Bowling, Steve Crest, Marcus Hanftaler",English,0.0,0.0,0,0
242,242,Operation Portugal,2021,0,02 Nov 2021,95 min,Comedy,Frank Cimière,0,"D'Jal, Sarah Perles, Pierre Azéma",French,0.0,4.2,0,0
243,243,Mickey Mouse Funhouse,2021,TV-G,16 Jul 2021,0,"Animation, Short, Adventure",0,0,"Bret Iwan, Kaitlyn Robrock, Tony Anselmo",English,0.0,5.8,0,0
244,244,Descarrilados,2021,R,20 Aug 2021,98 min,Comedy,Fer García-Ruiz,David Marqués,"Julián López, Ernesto Sevilla, Arturo Valls",Spanish,0.0,0.0,0,0
245,245,First Signal,2021,0,26 Apr 2021,102 min,"Drama, History, Sci-Fi",Mark Lund,Mark Lund,"Paul Noonan, Conor Timmis, Wendy Hartman",English,0.0,6.8,0,0
246,0,Scream,2022,R,14 Jan 2022,114 min,"Horror, Mystery, Thriller","Matt Bettinelli-Olpin, Tyler Gillett","James Vanderbilt, Guy Busick, Kevin Williamson","Neve Campbell, Courteney Cox, David Arquette",English,60.0,7.0,"$74,568,594",0
247,1,Uncharted,2022,PG-13,18 Feb 2022,116 min,"Action, Adventure",Ruben Fleischer,"Rafe Judkins, Art Marcum, Matt Holloway","Tom Holland, Mark Wahlberg, Antonio Banderas",English,42.0,6.9,0,Columbia Pictures
248,2,Jackass Forever,2022,R,04 Feb 2022,96 min,"Documentary, Action, Comedy",Jeff Tremaine,"Jason 'Wee Man' Acuña, Eric André, Derrick Beckles","Johnny Knoxville, Steve-O, Chris Pontius",English,74.0,7.6,"$41,543,627",0
249,3,Death on the Nile,2022,PG-13,11 Feb 2022,127 min,"Crime, Drama, Mystery",Kenneth Branagh,"Michael Green, Agatha Christie","Tom Bateman, Annette Bening, Kenneth Branagh",English,53.0,6.7,"$12,800,000",0
250,4,Dog,2022,0,0,0,Thriller,0,0,"Devin Montgomery, Brandon L. Smith",English,0.0,0.0,"$15,153,549",0
251,5,Moonfall,2022,PG-13,04 Feb 2022,130 min,"Action, Adventure, Sci-Fi",Roland Emmerich,"Roland Emmerich, Harald Kloser, Spenser Cohen","Halle Berry, Patrick Wilson, John Bradley","English, Chinese",41.0,5.3,"$13,122,665",0
252,6,Marry Me,2022,PG-13,11 Feb 2022,112 min,"Comedy, Music, Romance",Kat Coiro,"John Rogers, Tami Sagher, Harper Dill","Jennifer Lopez, Owen Wilson, Maluma",English,50.0,6.2,"$14,427,585",0
253,7,The 355,2022,PG-13,07 Jan 2022,122 min,"Action, Thriller",Simon Kinberg,"Theresa Rebeck, Simon Kinberg","Jessica Chastain, Penélope Cruz, Bingbing Fan","English, Chinese, Spanish, French, German, Arabic",40.0,5.0,"$4,400,380",0
254,8,Redeeming Love,2022,PG-13,21 Jan 2022,134 min,"Drama, History, Romance",D.J. Caruso,"Francine Rivers, D.J. Caruso","Abigail Cowen, Tom Lewis, Famke Janssen",English,32.0,6.9,0,0
255,9,Blacklight,2022,PG-13,11 Feb 2022,108 min,"Action, Thriller",Mark Williams,"Nick May, Mark Williams, Brandon Reavis","Liam Neeson, Aidan Quinn, Taylor John Smith",English,0.0,0.0,"$1,471,504",0
256,10,The King's Daughter,2022,PG,21 Jan 2022,90 min,"Action, Adventure, Family",Sean McNamara,"Barry Berman, James Schamus, Vonda N. McIntyre","Pierce Brosnan, Kaya Scodelario, William Hurt",English,30.0,5.1,"$391,252",0
257,11,The Beatles: Get Back - The Rooftop Concert,2022,PG-13,30 Jan 2022,65 min,Music,Peter Jackson,0,"The Beatles, George Harrison, John Lennon",English,0.0,0.0,"$793,669",0
258,12,The Tiger Rising,2022,PG,03 Feb 2022,102 min,Family,Ray Giarratana,"Kate DiCamillo, Ray Giarratana","Dennis Quaid, Katharine McPhee, Queen Latifah",English,33.0,5.8,0,0
259,13,Bone Clean,2022,0,0,0,"Short, Drama",Katy Maudlin,Morgan Rose,"Keegan Joyce, Gemma Bird Matheson",English,0.0,0.0,0,0
260,14,Sparks - The Ken Sparks Story,2022,0,07 Jan 2022,88 min,Biography,Jeff Joslin,Ciera Danielle,"Chad Sparks, Chanda Childress, Jeff Joslin",English,0.0,0.0,0,0
261,15,Found Wandering Lost,2022,0,25 Jan 2022,99 min,"Drama, Thriller",Nicholaus James,"Nicholaus James, James Thomas","Eric Bowles, Dylan Brown, Jessi Burkette",0,0.0,5.8,0,0
